passage_id,parent_passage_id,cvdr_id,versie,gemeente_code,categorie,pad,hoofdstuk_titel,artikel_nr,artikel_titel,lid_nr,toelichting_kop,toelichting_sub,toelichting_artikel_ref,koppeling_status,wet_label,sectietype,domein_hint,tekst,n_tekens,volgorde
CVDR733278_1__tekst__9,,CVDR733278,1,GM0168,kern,2 De procedure > 2.7 Ondersteuningsvraag gericht op beschermd wonen en/of opvang,2 De procedure,,,,,,,,,artikel,wmo,"Indien blijkt dat de cliënt beschermd wonen of opvang nodig heeft, wordt deze situatie gemeld bij de centrumgemeente Enschede. De noodzaak voor beschermd wonen of opvang wordt beoordeeld door de centrumgemeente Enschede samen met de melder gebaseerd op de bepalingen van de Verordening Maatschappelijke Ondersteuning van de gemeente Enschede.",342,9
CVDR689738_3__tekst__37,,CVDR689738,3,GM0177,kern,Hoofdstuk 6 ONDERSTEUNING THUIS EN ONDERSTEUNING GROEP > § 6.6 Mogelijkheden tot arbeidsparticipatie,Hoofdstuk 6 ONDERSTEUNING THUIS EN ONDERSTEUNING GROEP,,,,,,,,,artikel,wmo,"Reikwijdte
Het kan voorkomen dat de cliënt die een beroep doet op de Wmo 2015 in aanmerking kan komen voor ondersteuning bij zijn arbeidsparticipatie door de gemeente of het UWV. In dat geval zal de cliënt een verzoek moeten indienen bij de betreffende organisatie. Ondersteuning in de mogelijkheden tot arbeidsinschakeling valt niet binnen de reikwijdte van de Wmo 2015. Tijdens het onderzoek stelt het college vast of daar sprake van is. Daarvoor kan de aanwezigheid van een consulent inkomen nodig zijn. Daarbij wordt opgemerkt dat ondersteuning in de arbeidsparticipatie en een maatwerkvoorziening in de vorm van ondersteuning individueel of in groepsverband op grond van de Wmo 2015 wel samen kunnen gaan.",710,37
CVDR723294_1__art3.1.2__deel3,CVDR723294_1__art3.1.2,CVDR723294,1,GM0473,kern,Hoofdstuk 3 Maatwerkvoorzieningen > 3.1 Maatwerkvoorzieningen individuele begeleiding en groepsbegeleiding > Artikel 3.1.2 Afwegingskader individuele- en groepsbegeleiding > deel 3,Hoofdstuk 3 Maatwerkvoorzieningen,3.1.2,Afwegingskader individuele- en groepsbegeleiding,,,,,,,artikel,wmo,"In de volgende situaties wordt een beschikking voor individuele begeleiding door het college afgegeven:
a) als een cliënt erom vraagt;
b) bij afwijzing van een maatwerkvoorziening individuele begeleiding;
c) als een cliënt tegen de geboden voorziening in bezwaar wil gaan of het niet eens is met inhoud van het ondersteuningsplan;
d) bij inzet van een persoonsgebonden budget (pgb).
Het ondertekende ondersteuningsplan is de basis voor deze beschikking en wordt als bijlage bij de beschikking toegevoegd.",504,12
CVDR621776_1__art4__lid2,,CVDR621776,1,GM0797,kern,Artikel 4 Samenstelling en omvang > lid 2,,4,Samenstelling en omvang,2,,,,,,artikel,wmo,"2. Het lidmaatschap van de Adviesraad is niet verenigbaar met het lidmaatschap van de gemeenteraad, het beroepsmatig werkzaam zijn voor de gemeente, of het beroepsmatig werkzaam zijn voor plaatselijke instellingen op het terrein van de Wmo en/of Jeugdwet.",255,13
CVDR750189_1__art14__lid7,,CVDR750189,1,GM0718,kern,2. Jeugdhulp > Artikel 14. Criteria voor individuele voorziening > lid 7,2. Jeugdhulp,14,Criteria voor individuele voorziening,7,,,,,,artikel,jeugd,7. Het voorgaande lid is niet van toepassing als er parallel aan een hulpvraag sprake is van meervoudige problematiek in de context van het gezin.,146,61
CVDR734256_1__art3.4__lid2,,CVDR734256,1,GM1895,kern,HOOFDSTUK 3: Maatwerkvoorzieningen en algemene voorzieningen > Artikel 3.4 Resultaat > lid 2,HOOFDSTUK 3: Maatwerkvoorzieningen en algemene voorzieningen,3.4,Resultaat,2,,,,,,artikel,wmo,2. Het college stelt nadere regels omtrent de resultaatgebieden.,64,40
CVDR756506_1__art9__lid9.6,,CVDR756506,1,GM0150,kern,Artikel 9 Dagelijks bestuur > lid 9.6,,9,Dagelijks bestuur,9.6,,,,,,artikel,wmo,De Adviesraad regelt via het huishoudelijke reglement een nadere taakverdeling van de DB- leden.,96,47
CVDR683630_1__art15__lid2,,CVDR683630,1,GM0267,kern,Hoofdstuk 5 Herstellend traject > Artikel 15 Algemeen > lid 2,Hoofdstuk 5 Herstellend traject,15,Algemeen,2,,,,,,artikel,wmo,Een herstellend traject start met een aanwijzing tenzij er redenen zijn om dit traject over te slaan.,101,47
CVDR726311_1__art24__lid1,,CVDR726311,1,GM0513,kern,HOOFDSTUK 4 ADVIES- EN BESTUURSCOMMISSIES VOOR HET BESTUUR > Artikel 24 Ambtelijke adviescommissie > lid 1,HOOFDSTUK 4 ADVIES- EN BESTUURSCOMMISSIES VOOR HET BESTUUR,24,Ambtelijke adviescommissie,1,,,,,,artikel,beide,Het algemeen bestuur stelt een ambtelijke adviescommissie als bedoeld in artikel 24 Wgr in. De ambtelijke adviescommissie adviseert het algemeen bestuur en dagelijks bestuur over alle voorstellen die aan het algemeen- en dagelijks bestuur worden voorgelegd.,257,110
CVDR630233_1__art30__lid2,,CVDR630233,1,GM0448,kern,10. Persoonsgebonden budget > Artikel 30 Hoogte van het tarief > lid 2,10. Persoonsgebonden budget,30,Hoogte van het tarief,2,,,,,,artikel,wmo,"Het pgb-tarief voor professionals, werkzaam conform aantoonbare professionele standaarden, bedraagt maximaal 75% van het laagste tarief van de door de gemeente gecontracteerde aanbieders.",187,183
CVDR676673_1__tekst__8__deel2,CVDR676673_1__tekst__8,CVDR676673,1,GM1705,kern,Hoofdstuk 3 Pré-mantelzorg > Paragraaf 3.3 Mogelijkheden pré-mantelzorgwoning > deel 2,Hoofdstuk 3 Pré-mantelzorg,,,,,,,,,artikel,wmo,"Ruimtelijke richtlijnen voor een pré-mantelzorgwoning:
• Een pré-mantelzorgwoning is mogelijk op het woonperceel;
• Een pré-mantelzorgwoning moet binnen de toegestane m2 aan bijgebouwen op het woonperceel blijven. Dus binnen de bestaande bebouwingsmogelijkheden volgens het bestemmingsplan of de Wabo (vergunningsvrij bouwen);
• Een pré-mantelzorgwoning mag door maximaal 2 personen bewoond worden:
• Een pré-mantelzorgwoning moet ondergeschikt zijn aan de hoofdwoning en minimaal 3 meter achter de rooilijn van het hoofgebouw gesitueerd worden;
• Bij voorkeur dient in pré-mantelzorgwoning middels een aanbouw of een bijgebouw vast aan de woning gerealiseerd te worden;
• De afstand tussen de pré-mantelzorgwoning en de hoofdwoning mag maximaal 10 meter bedragen bij een losstaand bijgebouw. Bestaande bijgebouwen hierin uitgezonderd;
Tijdelijke omgevingsvergunning
Door middel van een tijdelijke omgevingsvergunning is het mogelijk om in een pré-mantelzorgwoning te voorzien. De omgevingsvergunning geld voor een periode van maximaal 10 jaar. Na 10 jaar komt de omgevingsvergunning te vervallen of eerder. Eerder als sprake is van overlijden of verhuizen. De vergunning komt ook te vervallen als in de loop van de 10 jaar een mantelzorgsituatie ontstaat waarbij de 2e woning, de mantelzorgwoning, vergunningsvrij is.",1318,8
CVDR661304_7__tekst__42__deel4,CVDR661304_7__tekst__42,CVDR661304,7,GM0826,kern,Hoofdstuk 4 Maatwerkvoorzieningen > 4.1.1 Definities uit de richtlijn (normenkader) > deel 4,Hoofdstuk 4 Maatwerkvoorzieningen,,,,,,,,,artikel,wmo,"Boodschappen (is een resultaatgebied)
Dit heeft betrekking op boodschappen die nodig zijn voor de dagelijkse levensbehoeften. Hieronder vallen levensmiddelen, toiletartikelen en schoonmaakmiddelen. Ook dit zijn HbH1 activiteiten. Omdat er zoveel bezorgservices beschikbaar zijn (ook gratis), is ondersteuning voor deze activiteiten alleen in bijzondere gevallen nodig.
Maaltijden (is een resultaatgebied)
Het gaat om het klaarzetten van de broodmaaltijd(en) en het opwarmen van de warme maaltijd. Bij hoge uitzondering kan sprake zijn van het bereiden van de warme maaltijd. Voor dit onderdeel van ondersteuning is op dit moment één aanbieder gecontracteerd. Hierin is ook afgesproken dat dit alleen van maandag tot en met vrijdag kan worden ingezet en niet in de weekenden. Op dit moment is er één aanbieder die ‘maaltijden’ als taak uitvoert.
Het aansporen tot het nuttigen van een maaltijd valt niet onder de HbH, maar onder begeleiding (Wmo) en persoonlijke verzorging (Zorgverzekeringswet). In onderstaande figuur is schematisch weergegeven wanneer hulp bij de maaltijden onder welke wet valt.
Figuur 1: Schulinck, Wolters Kluwer
Kindzorg (is een resultaatgebied)
Het gaat om de verzorging van gezonde kinderen die tot het gezin behoren. Ouders zijn zelf verantwoordelijk voor de zorg voor kinderen. Zijn ouders hier niet volledig toe in staat, dan kan de gemeente tijdelijke ondersteuning (niet: volledige overname) bieden totdat een andere oplossing gevonden is. Het gaat om dagelijkse, gebruikelijke hulp voor gezonde kinderen in geval van het uitvallen van één of beide ouders (bijvoorbeeld door lichamelijke of geestelijke ziekte). Het gaat dan om activiteiten als wassen en aankleden, hulp bij eten en/of drinken, een maaltijd voorbereiden en toezicht houden. Ook problemen op het gebied van mobiliteit, zoals het begeleiden van kinderen naar school vallen eronder. Voor dit onderdeel van ondersteuning zijn vier aanbieders gecontracteerd.",1950,42
CVDR723363_1__art16,,CVDR723363,1,GM0373,kern,Hoofdstuk 4 Nadere regels Jeugdhulp > Artikel 16 Klachtenregeling Jeugd,Hoofdstuk 4 Nadere regels Jeugdhulp,16,Klachtenregeling Jeugd,,,,,,,artikel,jeugd,"In aanvulling op artikel 68, eerste lid van de Verordening stelt het College dat -voorliggend aan de klachtenregeling van de gemeente Bergen- de klachtenregeling Jeugd 2019 (of een latere versie) van toepassing is op:
a. klachten die betrekking hebben op het proces van melding, afhandeling van aanvragen of casusregie in het kader van de Jeugdwet;
b. klachten die betrekking hebben op de uitvoering van jeugdhulpverlening door de Werkorganisatie BUCH, of een voor haar werkzame medewerker.",490,76
CVDR721421_2__art4.2__lid5,,CVDR721421,2,GM0765,kern,HOOFDSTUK 4: Persoonsgebonden budget (Pgb) > Artikel 4.2 Regels Pgb > lid 5,HOOFDSTUK 4: Persoonsgebonden budget (Pgb),4.2,Regels Pgb,5,,,,,,artikel,wmo,"De Toetsingskaders kwaliteit en rechtmatigheid Zorg Wmo/Jeugd - Gemeente Oldambt, Pekela, Stadskanaal, Veendam, Westerwolde (Oost-Groningen) zijn van toepassing.",161,103
CVDR700182_3__art4.9__lid2,,CVDR700182,3,GM0482,kern,Hoofdstuk 4 Maatwerkvoorzieningen > Paragraaf 4.2 Persoonsgebonden budget > Artikel 4.9 Soorten persoonsgebonden budget > lid 2,Hoofdstuk 4 Maatwerkvoorzieningen,4.9,Soorten persoonsgebonden budget,2,,,,,,artikel,wmo,"2. persoonsgebonden budget voor de aanschaf van een hulpmiddel, aanpassing van een hulpmiddel, vervoersvoorziening, dan wel een woningaanpassing.",145,63
CVDR713801_1__toelichting_artikel__163,,CVDR713801,1,GM0321,kern,Toelichting > Artikel 2.4 > Artikel 2.4 Verslag,,2.4,,,Artikel 2.4 Verslag,,2.4,nummer,,toelichting_artikel,beide,"Eerste en tweede lid – inhoud Plan van Aanpak
Het onderzoek zoals beschreven in artikel 2.3 mag zes weken beslaan. Soms is er enige tijd nodig voor het opvragen van de nodige informatie door de inwoner. De periode dat het college in afwachting is van deze stukken, telt niet mee in de onderzoekstijd van zes weken. De onderzoekstijd gaat weer lopen zodra de nodig informatie is binnengekomen. Na afronding van het onderzoek ontvangt de inwoner een verslag met de uitkomsten van het onderzoek. Dit verslag wordt het Plan van Aanpak genoemd. In het Plan van Aanpak wordt het onderzoek beschreven en welke vorm van hulp het college passend vindt, op basis van het onderzoek. Als de inwoner opmerkingen of aanvullingen wil doen, worden deze aan het Plan van Aanpak toegevoegd en vastgelegd.",786,163
CVDR766447_1__art2.5.5,,CVDR766447,1,GM1734,kern,2. Bestaanszekerheid en inburgering > 2.5. Inkomen en bijzondere bijstand > Artikel 2.5.5. Vereenvoudigde aanvraag,2. Bestaanszekerheid en inburgering,2.5.5,Vereenvoudigde aanvraag,,,,,,,artikel,wmo,"Wanneer de inwoner binnen 12 maanden na beëindiging van de uitkering opnieuw een uitkering wil aanvragen, in elk geval in verband met einde werk of detentie, kan dit door middel van een verkorte aanvraag.
Een verkorte aanvraag betekent in elk geval dat het college:
- Een aanvraagformulier “verkorte aanvraag” gebruikt
- alleen de gewijzigde gegevens opvraagt die na beëindiging van de vorige bijstandsperiode zijn ontstaan, zoals bewijsstukken rondom middelen en bijvoorbeeld einde arbeidscontract
Let op: De leefsituatie van de inwoner mag niet gewijzigd zijn om voor de verkorte aanvraag in aanmerking te komen. Denk aan een alleenstaande die in de periode na einde van de vorige bijstandsperiode is gaan samenwonen. In dat geval blijft de gewone aanvraagprocedure van kracht.",779,179
CVDR742251_1__art6.5__lid1,,CVDR742251,1,GM0532,kern,Hoofdstuk 6 Bijdragen en tegemoetkomingen > Artikel 6.5 > lid 1,Hoofdstuk 6 Bijdragen en tegemoetkomingen,6.5,,1,,,,,,artikel,wmo,Een inwoner kan een eigen bijdrage verschuldigd zijn voor Wonen met ondersteuning.,82,136
CVDR758497_1__art5__lid6,,CVDR758497,1,GM1904,kern,"Artikel 5. Ondersteuning, budget en verantwoording door Adviesraad > lid 6",,5,"Ondersteuning, budget en verantwoording door Adviesraad",6,,,,,,artikel,wmo,"Uiterlijk 1 maart van ieder kalenderjaar brengt de Adviesraad een jaarplan uit voor het lopende jaar, inclusief bijbehorende begroting.",135,29
CVDR749349_1__bijlage__192__deel90,CVDR749349_1__bijlage__192,CVDR749349,1,GM0944,kern,Bijlage > Artikel 17. Jaarlijkse waardering mantelzorgers en pleegouders,,,,,,,,,,bijlage,beide,"De gemeente moet in de verordening aangeven hoe we mantelzorgers van onze cliënten ieder jaar een blijk van waardering geven (artikel 2.1.6 Wmo 2015). Deze waardering is bedoeld voor mantelzorgers van cliënten die ingezetene zijn van onze gemeente (bij volwassenen) of die volgens het woonplaatsbeginsel onder de verantwoordelijkheid van de gemeente vallen (als de cliënt een jeugdige is).
Een brede groep van mantelzorgers komt in aanmerking voor de jaarlijkse waardering. Niet alleen mantelzorgers van cliënten die van de gemeente een algemene voorziening of maatwerkvoorziening ontvangen. Ook mantelzorgers van cliënten die bij ons hulp hebben gevraagd maar geen voorziening toegekend gekregen hebben, ontvangen de jaarlijkse waardering. Tot slot kan iemand mantelzorger zijn van een cliënt wie geen hulp bij ons heeft aangevraagd. Ook deze mantelzorger komt in aanmerking voor de jaarlijkse waardering.
De gemeente geeft de pleegouders in de gemeente Mook en Middelaar jaarlijks een waardering voor hun inzet.
Een aanvraag voor een waardering kan gedaan worden door het digitale formulier in te vullen op de website van de gemeente Mook en Middelaar.",1154,192
CVDR729058_1__art29__lid4,,CVDR729058,1,GM0823,kern,Hoofdstuk 9. Overgangsrecht en slotbepalingen > Artikel 29. Intrekking oude beleidsregels en overgangsrecht > lid 4,Hoofdstuk 9. Overgangsrecht en slotbepalingen,29,Intrekking oude beleidsregels en overgangsrecht,4,,,,,,artikel,wmo,Het beslissen op bezwaarschriften tegen besluiten op grond van de Beleidsregels maatschappelijke ondersteuning gemeente Oirschot 2022 gebeurt op grond van die beleidsregels die daarvoor zijn geldigheid behouden.,211,95
CVDR698362_1__art2__lid2,,CVDR698362,1,GM1699,kern,"Artikel 2 Doelstelling, taakstelling en positie adviesraad > lid 2",,2,"Doelstelling, taakstelling en positie adviesraad",2,,,,,,artikel,wmo,2. De adviesraad adviseert het college gevraagd en ongevraagd over het gemeentelijk beleid in het sociaal domein.,113,5
CVDR737974_1__tekst__196,,CVDR737974,1,GM1734,kern,Hoofdstuk 6 Vervoer naar school > 6.5 Tijdelijk verblijf buiten de gemeente,Hoofdstuk 6 Vervoer naar school,,,,,,,,,artikel,wmo,"1. Wij kunnen een tijdelijke vervoersvoorziening voor een periode van maximaal zes weken toekennen wanneer uw kind als gevolg van een crisissituatie tijdelijk buiten Overbetuwe verblijft, mits aan de volgende voorwaarden is voldaan:
a. Uw kind blijft de eigen school bezoeken;
b. in de periode, voorafgaand aan het tijdelijke verblijf buiten de gemeente, is een vervoersvoorziening toegekend op grond van deze verordening; en
c. Het is de bedoeling dat uw kind terugkeert naar Overbetuwe
2. Het besluit waarin de vervoersvoorziening is toegekend voorafgaand aan een tijdelijke vervoersvoorziening wordt stopgezet vanaf de dag dat uw kind buiten Overbetuwe verblijft en gaat weer in zodra uw kind terugkeert in de gemeente, behalve als het besluit dan niet meer geldt.",767,196
CVDR751484_1__art11.5__deel2,CVDR751484_1__art11.5,CVDR751484,1,GM0171,kern,Hoofdstuk 11 Hulp voor meedoen aan de samenleving (vervoer) > Artikel 11.5 Primaat Regiotaxi > deel 2,Hoofdstuk 11 Hulp voor meedoen aan de samenleving (vervoer),11.5,Primaat Regiotaxi,,,,,,,artikel,wmo,"Vervoersreglement
De regels over de Regiotaxi zijn te vinden op de website (
https://flexrrreisflevoland.rrreis.nl
).
Niet gezamenlijk kunnen reizen
Bij gebruikmaking van de Regiotaxi kan het voorkomen dat het gezin niet gezamenlijk kan reizen. Op zichzelf genomen is het voorstelbaar dat een dergelijke wens bestaat en dat het voor een gezin prettiger en gemakkelijker is om samen te reizen. Uit de jurisprudentie blijkt echter dat het niet samen kunnen reizen niet betekent dat de Regiotaxi niet als passende bijdrage kan gelden. Gebruik maken van de Regiotaxi betekent namelijk niet dat het onmogelijk is om een gezamenlijke bestemming te bereiken (bijv. CRVB:2018:1487 en vergelijk CRVB:2014:2101). Betreft het een minderjarig kind met beperkingen kan het college een uitzondering maken op het primaat van de Regiotaxi.
Hardheidsclausule
Om af te wijken van het primaat van de Regiotaxi kan onder zeer bijzondere omstandigheden de hardheidsclausule worden toegepast. Het gaat er in voorkomende gevallen om dat er bij de cliënt ten opzichte van de personenkring die gebruik maakt (kan maken) van de Regiotaxi bijzondere omstandigheden zijn aan te wijzen waarom het college onder toepassing van de hardheidsclausule moeten afwijken van het primaat. Deze omstandigheden moeten door de cliënt worden gesteld en zonodig desgevraagd worden onderbouwd.",1349,127
CVDR370224_1__art17__lid3,,CVDR370224,1,GM0626,kern,"PARAGRAAF 4 RECHTEN VAN BETROKKENEN > Artikel 17 Recht op verbetering, aanvulling, verwijdering of afscherming > lid 3",,17,"Recht op verbetering, aanvulling, verwijdering of afscherming",3,,,,,,artikel,wmo,"De verantwoordelijke draagt zorg dat een beslissing tot verbetering, aanvulling, verwijdering of afscherming zo spoedig mogelijk wordt uitgevoerd.",146,44
CVDR733083_1__art4.1__lid4,,CVDR733083,1,GM0109,kern,Hoofdstuk 4: Maatwerkvoorzieningen > Artikel 4.1. Herstelgerichte hulp > lid 4,Hoofdstuk 4: Maatwerkvoorzieningen,4.1,Herstelgerichte hulp,4,,,,,,artikel,wmo,"Indien de Herstelgerichte Hulp voortijds is beëindigd, ontvangt de gemeente een door de deskundige opgestelde afrondende rapportage.",132,43
CVDR745583_1__art3__lid1,,CVDR745583,1,GM0668,kern,Hoofdstuk 1 Procedureregels aanvraag maatschappelijke ondersteuning > Artikel 3. Rol van de cliëntondersteuner > lid 1,Hoofdstuk 1 Procedureregels aanvraag maatschappelijke ondersteuning,3,Rol van de cliëntondersteuner,1,,,,,,artikel,wmo,"1. De cliëntondersteuner heeft een proactieve rol in het voorveld, gericht op het versterken van de eigen regie van de inwoner.",127,14
CVDR750419_1__art9__lid2,,CVDR750419,1,GM0888,kern,Artikel 9. Slotbepalingen > lid 2,,9,Slotbepalingen,2,,,,,,artikel,wmo,"Het ''Mandaatbesluit Wmo 2015, onderdeel arrangement Beschermd Wonen Gemeente Beek 2025” en het “Mandaatbesluit uitvoering inkoop, contractbeheer, contractmanagement en leveranciersmanagement Wmo en Leerlingenvervoer Gemeente Beek 2023” worden ingetrokken met ingang van 1 april 2025;",284,12
CVDR483647_1__art6__lid1,,CVDR483647,1,GM0317,kern,Artikel 6. Openbaarheid en vergaderfrequentie > lid 1,,6,Openbaarheid en vergaderfrequentie,1,,,,,,artikel,wmo,De vergaderingen van de adviesraad zijn openbaar tenzij bijzondere agendapunten om beslotenheid vragen.,103,24
CVDR751623_1__vrijetekst__6,,CVDR751623,1,GM0085,kern,"Hoofdstuk 1 – Melding, onderzoek en aanvraag > Hospice","Hoofdstuk 1 – Melding, onderzoek en aanvraag",,Hospice,,,,,,,artikel,wmo,"Bij opname in een hospice gelden afwijkende, provinciale afspraken. De noodzaak staat vast en standaard wordt 5 uur huishoudelijke hulp 2 per week ingezet. (Schriftelijke) aanmelding door de aanbieder die in het betreffende hospice verantwoordelijk is voor de ondersteuning, is afdoende voor een toekenning van de voorziening. Er wordt wel een besluit aan belanghebbende of nabestaanden gezonden en de eigen bijdrage is van toepassing.",435,6
CVDR397856_13__art49__lid1,,CVDR397856,13,GM0569,kern,Hoofdstuk 7 Overige bepalingen > Paragraaf 7.1 Regels schuldhulpverlening > Artikel 49h. Voortraject (Duurzame Financiële Dienstverlening DFD) > lid 1,Hoofdstuk 7 Overige bepalingen,49,Voortraject (Duurzame Financiële Dienstverlening DFD),1,,,,,,artikel,wmo,Het college voert het Voortraject (Duurzame Financiële Dienstverlening DFD) uit conform de Gedragscode Schuldhulpverlening van de NVVK en de module Duurzame Financiële Dienstverlening,183,204
CVDR657442_1__tekst__60__deel7,CVDR657442_1__tekst__60,CVDR657442,1,GM0502,kern,4 Maatwerkvoorzieningen > 4.7. Persoonlijke verzorging > 1 – 7x,4 Maatwerkvoorzieningen,,,,,,,,,artikel,wmo,"1 – 7x
Zich wassen
Niveau 1 zich wassen:
Cliënt is ook met ondersteuning van gebruikelijke hulp of mantelzorg, niet in staat zichzelf te wassen en dient hierin ondersteund te worden, dit betreft delen van het lichaam.
Niveau 2 zich wassen:
Cliënt is ook met ondersteuning van gebruikelijke hulp of mantelzorg, niet in staat zichzelf te wassen en dient hierin ondersteund te worden, dit betreft het hele lichaam.
Niveau 1 zich kleden:
Cliënt is ook met ondersteuning van gebruikelijke hulp of mantelzorg, niet in staat zichzelf aan- of uit te kleden en dient hierin ondersteund te worden, dit betreft deeltaken van het aan- en/of uitkleden.
Niveau 2 zich kleden:
Cliënt is ook met ondersteuning van gebruikelijke hulp of mantelzorg, niet in staat zichzelf aan- of uit te kleden en dient hierin ondersteund te worden, dit betreft de volledige uitvoering van het aan- en/of uitkleden.
Medicatie innemen
Niveau 1 – 4 medicatie innemen:
Cliënt is ook met ondersteuning van gebruikelijke hulp of mantelzorg, niet zelfredzaam bij het innemen van medicatie en dient hierbij ondersteund te worden. De consulent inventariseert hoeveel tijd er per dag nodig is. Niveau 1 is incidenteel – niveau 4 is intensief.
Niveau 1 – 4 overige verzorgingstaken onderdeel van de Wmo:",1259,60
CVDR77749_2__art6__lid2,,CVDR77749,2,GM0317,kern,Hoofdstuk 2 Vorm van te verstrekken individuele voorzieningen > Artikel 6 Persoonsgebonden budget > lid 2,Hoofdstuk 2 Vorm van te verstrekken individuele voorzieningen,6,Persoonsgebonden budget,2,,,,,,artikel,wmo,"De toekenning van het te verstrekken persoonsgebonden budget, de
                                omvang en de looptijd ervan worden bij beschikking vastgesteld.",160,13
CVDR751177_1__art__deel55,CVDR751177_1__art,CVDR751177,1,GM0160,kern,Inhoudsopgave > Artikel > 12.3 Voorbereiding bewuste keuzegesprek,Inhoudsopgave,,,,,,,,,artikel,wmo,12.4 Het bewuste keuzegesprek,29,2
CVDR719290_1__art9.6__lid2,,CVDR719290,1,GM0858,kern,"HOOFDSTUK 9 KWALITEIT, KLACHTAFHANDELING, AANBIEDER > Paragraaf 9.3 Aanbieder > Artikel 9.6 Meldingsregeling calamiteiten en geweld > lid 2","HOOFDSTUK 9 KWALITEIT, KLACHTAFHANDELING, AANBIEDER",9.6,Meldingsregeling calamiteiten en geweld,2,,,,,,artikel,wmo,Aanbieders melden iedere calamiteit en ieder geweldsincident direct aan de toezichthoudend ambtenaar.,101,144
CVDR602542_3__art11__lid5,,CVDR602542,3,GM0677,kern,Artikel 11. Regels voor pgb > lid 5,,11,Regels voor pgb,5,,,,,,artikel,wmo,"Er is sprake van hulp uit het sociale netwerk als:
a. de hulp geboden wordt door bloed-of aanverwanten in de 1e of 2e graad
b. de hulp geboden wordt door iemand die niet in dienst is van een instelling of bedrijfsmatig hulp verleent en niet staat in geschreven in het handelsregister.",284,36
CVDR763588_1__art5.3,,CVDR763588,1,GM0828,kern,HOOFDSTUK 5 PERSOONSGEBONDEN BUDGET (PGB) > Artikel 5.3 Redenen om een pgb te weigeren,HOOFDSTUK 5 PERSOONSGEBONDEN BUDGET (PGB),5.3,Redenen om een pgb te weigeren,,,,,,,artikel,wmo,"In de volgende situaties verstrekt het college geen pgb:
a. als niet is voldaan aan de voorwaarden die de wet stelt;
b. als de inwoner, of de wettelijk vertegenwoordiger(s) van de inwoner jonger dan 18 jaar is, surseance van betaling heeft aangevraagd of failliet is verklaard;
c. als ten aanzien van de inwoner of, indien de inwoner jonger is dan 18 jaar, ten aanzien van één van de ouders of voogden, de schuldsaneringsregeling natuurlijke personen van toepassing is verklaard, of een verzoek daartoe bij de rechtbank is ingediend;
d. als de pgb-vertegenwoordiger ook de ondersteuning levert die met het pgb wordt ingekocht of werkzaam is voor de organisatie waar de ondersteuning wordt ingekocht, of anderszins een relatie heeft met de organisatie waar deze ondersteuning wordt ingekocht;
e. als er sprake is van een spoedeisend geval, zoals benoemd in de wet;
f. als de voorziening zich niet leent voor een persoonsgebonden budget, bijvoorbeeld omdat er sprake is van een progressief ziektebeeld of een kindervoorziening waarbij op voorhand vaststaat dat de voorziening binnen korte tijd vervangen moet worden;
g. als er sprake is van ondersteuning die door het college ambtshalve is verleend;
h. als uit het door de inwoner ingediende pgb-plan en het pgb-gesprek blijkt dat de kwaliteit van de ondersteuning onvoldoende gewaarborgd is;
i. voor de algemene voorzieningen beschreven in artikel 3 van deze verordening;
j. voor de maatwerkvoorzieningen maatschappelijke opvang, vrouwenopvang, beschermd wonen en safehouses is de norm zorg in natura;
k. als het pgb bedoeld is voor besteding in het buitenland.",1610,131
CVDR636424_3__bijlage__44__deel82,CVDR636424_3__bijlage__44,CVDR636424,3,GM0762,kern,"Bijlage > 5.3 Stap 5c - Laatste afweging, vaststellen definitieve indicatie",,,,,,,,,Wmo 2015,bijlage,wmo,"Let op: deze tabellen zijn geen afvinklijsten, neem alleen de onderwerpen mee die voor het onderzoek relevant en nodig zijn.
LICHAMELIJKE GEZONDHEID EN ZELFZORG
Problematiek
geen
licht
matig
zwaar
Eten (verantwoord eetpatroon, kan eten tot zich nemen)
Wassen (verzorgd uiterlijk, geur)
Aankleden (schone kleding)
Slapen (in- doorslapen, wakker worden, dag-nachtritme)
Voldoende beweging/sport
Voorkomen van ziekten
Beheer medicatie
Afspraken zorgprofessionals (huisarts, specialist, begeleider)
Seksuele gezondheid (inclusief veilig vrijen)
PSYCHISCHE GEZONDHEID
(PERSOONLIJK FUNCTIONEREN)
Problematiek
geen
licht
matig
zwaar
Zelfbeeld
Zelfinzicht (o.a. inschatten gevaar voor zichzelf)
Omgaan met veranderingen
Begrijpen consequenties (korte/lange termijn)
Keuzes maken/besluiten nemen
Grenzen aangeven (eigen)
Hulpvraag formuleren
Impulsiviteit (sociale regels, geen risico zien)
Emotieregulatie (overspoelen, uitbarsten, driftbuien)
Angsten (inclusief spanning, zenuwen, nerveus, bang)
Stemmingsproblemen (somber, wisselingen, uitbundig)
Teruggetrokken/eenzaam/verdrietig
Agressie verbaal/fysiek (dreigen, vloeken, vechten)
Zelfbeschadigend gedrag/suïcide
Dwanghandelingen (herhaling van gedragingen)
Executieve functies (plannen, initiëren van taken, overzicht)",1265,44
CVDR700182_3__art2.2__lid1,,CVDR700182,3,GM0482,kern,Hoofdstuk 2 Toegang > Paragraaf 2.2 Toegang Maatwerkvoorzieningen > Artikel 2.2 Melding > lid 1,Hoofdstuk 2 Toegang,2.2,Melding,1,,,,,,artikel,wmo,1. De melding wordt gedaan door of namens de cliënt bij de Sociale Dienst Drechtsteden.,87,10
CVDR703325_1__art72__lid4,,CVDR703325,1,GM0383,kern,Hoofdstuk 12 Slotbepalingen > Artikel 72. Overgangsbepalingen > lid 4,Hoofdstuk 12 Slotbepalingen,72,Overgangsbepalingen,4,,,,,,artikel,beide,"Op bezwaarschriften tegen een Besluit op grond van deze verordening, zoals deze luidde voor inwerkingtreding van de wijziging van 1 januari 2024, wordt beslist met inachtneming van de verordening zoals die luidde voor inwerkingtreding van deze wijziging.",254,285
CVDR766447_1__art4.3.2__lid3,,CVDR766447,1,GM1734,kern,"4. Jeugd > 4.3. Gebruikelijke hulp,voorliggende en algemene voorzieningen > Artikel 4.3.2. Algemene en algemeen gebruikelijke voorzieningen > lid 3",4. Jeugd,4.3.2,Algemene en algemeen gebruikelijke voorzieningen,3,,,,,,artikel,jeugd,3. Gemaksdiensten van de zorgverzekeraar.,41,362
CVDR459241_1__bijlage__21__deel1,CVDR459241_1__bijlage__21,CVDR459241,1,GM0599,kern,Bijlage > deel 1,,,,,,,,,,bijlage,wmo,"Toelichting
Algemene toelichting
Op 1 juli 2015 is door het college op grond van artikel 84 Gemeentewet een
                    commissie ingesteld, die primair tot taak heeft om door middel van advisering en
                    het betrekken van burgers, bij te dragen aan de voorbereiding en de uitvoering
                    van het stedelijk beleid binnen het sociale domein, primair met betrekking tot
                    de Wet maatschappelijke ondersteuning 2015 (Wmo 2015) en de Jeugdwet. Deze
                    commissie is zich Brede Raad 010 gaan noemen.
De gemeenteraad heeft in de motie “Brede adviesraad inclusief Participatiewet”
                    (nummer 14bb5400) overwogen, dat:
• er een significante samenhang is tussen de Wmo 2015, de Jeugdwet en de
                            Participatiewet;
• toegankelijkheid ook over werk gaat; en
• Rotterdammers met een arbeidshandicap vaak te maken hebben met
                            Wmo-voorzieningen.
De wettelijke bepalingen over cliëntenparticipatie zijn voor de Participatiewet
                    hetzelfde geregeld als voor de Wet inkomensvoorziening oudere en gedeeltelijk
                    arbeidsongeschikte werkloze werknemers (IOAW) en de Wet inkomensvoorziening",1246,21
CVDR610451_1__bijlage__88__deel70,CVDR610451_1__bijlage__88,CVDR610451,1,GM1699,kern,Bijlage > Artikel 31. Inwerkingtreding en citeertitel,,,,,,,,,WMO; Wmo; Jeugdwet; Wmo; Jeugdwet; Wmo; Jeugdwet,bijlage,beide,Dit artikel bepaalt de inwerkingtreding van deze verordening en legt vast hoe deze verordening dient te worden aangehaald.,122,88
CVDR759283_1__art5.6.2,,CVDR759283,1,GM0579,kern,Hoofdstuk 5 Maatwerkvoorzieningen > 5.6 Maatwerkarrangement Ambulante ondersteuning en Wonen met ondersteuning > Artikel 5.6.2 Algemene doelen van maatwerkarrangementen,Hoofdstuk 5 Maatwerkvoorzieningen,5.6.2,Algemene doelen van maatwerkarrangementen,,,,,,,artikel,wmo,"Het college kan ondersteuning bieden om de volgende doelen te bereiken:
– een schoon en leefbaar huis;
– opbouwen van het sociaal netwerk;
– ondersteuning richting onderwijs en bij arbeidsparticipatie, dagbesteding; mantelzorg- en vrijwilligersondersteuning;
– ondersteuning bij zelfzorg.
– het bieden van woonbegeleiding en een beschutte woonomgeving",351,37
CVDR728145_1__art9__lid14,,CVDR728145,1,GM1960,kern,"Hoofdstuk 1 Algemene bepalingen > Artikel 9 Vergaderingen, middelen en faciliteiten > lid 14",Hoofdstuk 1 Algemene bepalingen,9,"Vergaderingen, middelen en faciliteiten",14,,,,,,artikel,wmo,"De Adviesraad Sociaal Domein kan derden uitnodigen de vergaderingen bij te wonen voor het geven van toelichting, informatie en / of advies.",139,76
CVDR719383_1__art3.5.3__lid1,,CVDR719383,1,GM0293,kern,Hoofstuk 3: Criteria maatwerkvoorzieningen > Paragraaf 3.5. Criteria beschermd wonen > Artikel 3.5.3. Criteria groepswonen > lid 1,Hoofstuk 3: Criteria maatwerkvoorzieningen,3.5.3,Criteria groepswonen,1,,,,,,artikel,wmo,"De doelgroep die gebruik maakt van groepswonen zijn inwoners met (complexe) psychische en/of psychosociale problemen (eventueel in combinatie met een licht verstandelijke beperking), die (tijdelijk) niet in staat zijn om zelfstandig te wonen. De inwoner ervaart problemen op meerdere levensgebieden en heeft intensieve ondersteuning nodig, zowel gepland als (veelvuldig) ongepland, waardoor het noodzakelijk is dat ondersteuning 24 uur per dag beschikbaar is. Er is behoefte aan een vorm van Groepswonen (kleinschalig) in verband met problemen in het organiseren van de dagstructuur.",583,90
CVDR613086_1__art10__lid2,,CVDR613086,1,GM0626,kern,Artikel 10. Slotbepalingen > lid 2,,10,Slotbepalingen,2,,,,,,artikel,wmo,In alle gevallen waarin deze regeling niet voorziet beslist het college.,72,41
CVDR756856_1__art7.3.5,,CVDR756856,1,GM0262,kern,"Hoofdstuk 7 Inkomen, bijzondere bijstand en schulden > Artikel 7.3.5 Opname in een inrichting","Hoofdstuk 7 Inkomen, bijzondere bijstand en schulden",7.3.5,Opname in een inrichting,,,,,,,artikel,wmo,"Als u opgenomen bent in een inrichting, passen wij uw bijstandsnorm aan. We passen de bijstandsnorm niet aan als een opname (naar verwachting) korter duurt dan 3 maanden. U ontvangt de norm voor verblijf in een inrichting buiten de gemeente Lochem alleen als u een huis achterlaat en het de intentie is dat u terugkeert naar huis.
Als u in een inrichting verblijft kan naast de bestaande bijstandsuitkering bijzondere bijstand worden aangevraagd. Bijvoorbeeld als er sprake is van bijzondere, extra kosten, die u niet uit de inrichtingsnorm kan betalen.",553,165
CVDR756945_1__art6.3.4__lid1,,CVDR756945,1,GM0355,kern,"Hoofdstuk 6. De vorm van de hulp en bijdrage in de kosten > 6.3 Persoonsgebonden budget > Artikel 6.3.4 Verantwoording pgb [Jeugdwet, Wmo] > lid 1",Hoofdstuk 6. De vorm van de hulp en bijdrage in de kosten,6.3.4,"Verantwoording pgb [Jeugdwet, Wmo]",1,,,,,,artikel,wmo,De gemeente zal de inwoner één of meerdere keren per jaar vragen om duidelijk te maken hoe het pgb is besteed en welke resultaten de hulp voor de inwoner heeft gehad. Voor dat verslag kan de gemeente een formulier verplicht stellen.,232,100
CVDR765680_1__art63__lid15,,CVDR765680,1,GM0798,kern,Hoofdstuk 7 Kwaliteitseisen > Paragraaf 2 Kwaliteitseisen Jeugdhulp > Artikel 63 Kwaliteitseisen algemeen > lid 15,Hoofdstuk 7 Kwaliteitseisen,63,Kwaliteitseisen algemeen,15,,,,,,artikel,jeugd,"15. Indien het college een controle uitvoert, verleent de jeugdhulpaanbieder hieraan kosteloos medewerking. Deze controles kunnen onder meer betrekking hebben op de inhoudelijke kwaliteit, de feitelijke levering en de doel- en rechtmatigheid van de gedeclareerde jeugdhulp. De jeugdhulpaanbieder verstrekt alle gevraagde gegevens en biedt inzage in relevante administraties, waaronder personele en financiële gegevens. De uitvoering van controles mag de continuïteit van de dienstverlening niet in gevaar brengen, ter beoordeling van het college.",546,235
CVDR608130_1__art8__lid1,,CVDR608130,1,GM0388,kern,Hoofdstuk 3. Klachtencommissie Sociaal Domein > Paragraaf 3.1 Commissie > Artikel 8. Benoeming leden > lid 1,Hoofdstuk 3. Klachtencommissie Sociaal Domein,8,Benoeming leden,1,,,,,,artikel,wmo,De voorzitter en de leden worden benoemd voor een periode van één jaar. Hierna volgt een evaluatie met de optie tot verlenging met drie jaar. Zij kunnen nadien éénmaal worden herbenoemd voor een periode van vier jaar.,217,18
CVDR340569_12__toelichting_artikel__265__deel3,CVDR340569_12__toelichting_artikel__265,CVDR340569,12,GM0569,kern,Toelichting > Artikel 7 > Artikel 7 Maatwerkvoorziening via een pgb > deel 3,,7,,,Artikel 7 Maatwerkvoorziening via een pgb,,7,nummer,,toelichting_artikel,wmo,"Het gaat om de volgende twee aspecten:
• Kan hij een juiste beoordeling maken van zijn belangen ten aanzien van de hulpvraag?
• Kan hij de aan het pgb verbonden taken op een verantwoorde manier uitvoeren? Hierbij gaat het onder meer om het kiezen van een zorgaanbieder, het aangaan van een contract en het aansturen van de zorgaanbieder. De inwoner mag hierbij ondersteund worden door mensen uit zijn sociaal netwerk, dan wel door een curator, bewindvoerder, mentor of gemachtigde.
Het gaat niet om het beheren van het budget, dat doet de SVB. Het is wel van belang om te weten dat een budgethouder, die voor vier of meer dagen per week ondersteuning inkoopt, een werkgever is met de werkgeversplichten die daarbij horen. Denk hierbij onder meer aan het overeenkomen van een redelijk uurloon, het doorbetalen van loon bij ziekte en het hanteren van een redelijke opzegtermijn. De bekwaamheid voor het hebben van een pgb wordt in samenspraak met de inwoner getoetst, maar het oordeel van het team is leidend. Als het team van mening is dat de inwoner onbekwaam is, dan kan het college het pgb weigeren. Tegen deze beslissing staat bezwaar en beroep open.
Een gangbare termijn van een pgb is een jaar. Echter, voor sommige inwoners is de hulpvraag voor langere tijd vast te stellen. Bijvoorbeeld voor inwoners met een verstandelijke of lichamelijke beperking. Rekening houdend met die gevallen, is er geen maximale termijn aan een pgb gesteld.",1441,265
CVDR751520_1__art3.6__lid1,,CVDR751520,1,GM1930,kern,HOOFDSTUK 3 BEOORDELING AANSPRAAK > Artikel 3.6 Criteria voor beoordelen aanspraak aanvullende vergoeding wakende wacht > lid 1,HOOFDSTUK 3 BEOORDELING AANSPRAAK,3.6,Criteria voor beoordelen aanspraak aanvullende vergoeding wakende wacht,1,,,,,,artikel,wmo,Indien een inwoner aanspraak maakt op een maatwerkvoorziening beschermde woonvorm kan inwoner in aanmerking komen voor een aanvullende vergoeding wakende wacht.,160,59
CVDR684411_4__bijlage__132__deel54,CVDR684411_4__bijlage__132,CVDR684411,4,GM1979,kern,Bijlage > Artikel 22. Medezeggenschap bij aanbieders van maatschappelijke ondersteuning,,,,,,,,,,bijlage,wmo,"Dit artikel geeft uitvoering aan artikel 2.1.3, tweede lid, onder f, van de wet, waarin is bepaald dat in ieder geval moet worden bepaald ten aanzien van welke voorzieningen een regeling voor medezeggenschap van cliënten over voorgenomen besluiten van de aanbieder welke voor de gebruikers van belang zijn, vereist is.
In dit artikel gaat het dus om medezeggenschap van cliënten tegenover de aanbieder. Voorheen moest de aanbieder voldoen aan de in de Wet klachtrecht cliënten en de Wet medezeggenschap cliënten zorginstellingen (Wmcz) gestelde regels. Onder de Wmcz werd inspraak tegenover de aanbieder reeds verwezenlijkt via de cliëntenraad. Onder de Wmo 2015 is het stellen van regels geheel aan gemeenten overgelaten.
In het eerste lid is dit uitgewerkt door te bepalen dat aanbieders een regeling voor medezeggenschap dienen vast te stellen. De aanbieder is ten aanzien van de in de verordening genoemde voorzieningen verplicht een medezeggenschapsregeling op te stellen (artikel 3.2, eerste lid, onder b, van de wet).
In het tweede lid zijn een aantal instrumenten voor het college aangegeven om te zorgen dat de verplichting tot medezeggenschap door aanbieders goed wordt uitgevoerd.",1191,132
CVDR750189_1__art63__lid10,,CVDR750189,1,GM0718,kern,3. Maatschappelijke ondersteuning > Artikel 63. Hoogte bijdrage in de kosten > lid 10,3. Maatschappelijke ondersteuning,63,Hoogte bijdrage in de kosten,10,,,,,,artikel,wmo,"10. In de gevallen, bedoeld in artikel 2.1.4, lid 7 van de Wmo (opvang en beschermd wonen), worden de bijdragen voor een maatwerkvoorziening of pgb door het CAK vastgesteld en geïnd.",182,264
CVDR717967_1__art4__lid3,,CVDR717967,1,GM0202,kern,Artikel 4. Ondermandaat > lid 3,,4,Ondermandaat,3,,,,,,artikel,wmo,Het verlenen van ondermandaat geschiedt schriftelijk. Het besluit tot het verlenen van ondermandaat wordt ter kennisgeving aan het College gezonden en wordt als bijlage aan dit mandaatbesluit gevoegd.,200,24
CVDR631699_4__art6.2__lid1,,CVDR631699,4,GM0847,kern,HOOFDSTUK 6 BIJDRAGE VOOR VOORZIENINGEN > Artikel 6.2 Bijdrage voor maatwerkvoorzieningen of pgb’s > lid 1,HOOFDSTUK 6 BIJDRAGE VOOR VOORZIENINGEN,6.2,Bijdrage voor maatwerkvoorzieningen of pgb’s,1,,,,,,artikel,wmo,"1. Een cliënt is een bijdrage in de kosten verschuldigd voor een maatwerkvoorziening of pgb, zolang de cliënt van de maatwerkvoorziening gebruik maakt of gedurende de periode waarvoor het pgb wordt verstrekt.",208,102
CVDR735940_1__vrijetekst__8,,CVDR735940,1,GM0809,kern,HOOFDSTUK 3 ANDERE VOORZIENINGEN,HOOFDSTUK 3 ANDERE VOORZIENINGEN,,,,,,,,,artikel,wmo,Andere voorzieningen zijn voorzieningen anders dan in het kader van de Wet maatschappelijke ondersteuning 2015.,111,8
CVDR682169_1__art7.2__lid3,,CVDR682169,1,GM0034,kern,"Hoofdstuk 7 Inkoop, tarief en kwaliteitseisen > Artikel 7.2 Inkoop van maatwerkvoorzieningen in de vorm van een dienst > lid 3","Hoofdstuk 7 Inkoop, tarief en kwaliteitseisen",7.2,Inkoop van maatwerkvoorzieningen in de vorm van een dienst,3,,,,,,artikel,wmo,De aanbieder van een maatwerkvoorziening in de vorm van een dienst:,67,524
CVDR704446_1__vrijetekst__160,,CVDR704446,1,GM1955,kern,Doelgroep ODOH,,,Doelgroep ODOH,,,,,,,artikel,wmo,"Om te kunnen beschikken over een schoon en leefbaar huis, een gestructureerd huishouden en regie over het dagelijks leven hebben deze cliënten ondersteuning nodig:
• voor het geheel of gedeeltelijk overnemen van bepaalde huishoudelijke taken,
• bij de organisatie van het huishouden, en
• bij het aanbrengen van (dag)structuur.
Resultaat, activiteiten en frequentie van de ondersteuning worden tijdens het onderzoek vastgesteld en opgenomen in het ondersteuningsplan. Hierbij wordt ook rekening gehouden met incidentele extra werkzaamheden zoals het opruimen van kledingkasten, gordijnen wassen en dergelijke. Ook kan er sprake zijn van een tijdelijke terugval waardoor de cliënt tijdelijk is aangewezen op (meer) ODOH.
Van de ondersteuner wordt verwacht dat de activiteiten zelf worden uitgevoerd of afhankelijk van de ondersteuningsbehoefte de activiteiten samen met de cliënt worden uitgevoerd of de cliënt wordt aangestuurd om de activiteiten zelf uit te voeren.
Naast het uitvoeren van huishoudelijke taken, bestaat ODOH minimaal uit twee van
de onderstaande activiteiten:
• het stimuleren van de zelfwerkzaamheid van de cliënt in diens huishouding via instructie, advies, voorlichting en zo nodig samen uitvoeren gericht op het huishouden;
• het aanleren van werkzaamheden gericht op het huishouden waaronder het verzorgen van de maaltijd;
• het ondersteunen bij het aanbrengen van (dag)structuur en (weer) leren regie te voeren over het dagelijks leven;
• het begeleiden en ondersteunen bij (administratieve) handelingen;
• het begeleiden en stimuleren van sociale contacten en maatschappelijke participatie,
voortvloeiend uit het voeren van een gestructureerd huishouden. Met als uiteindelijke doel om cliënten meer zelfredzaam te maken;
• boodschappen verzorgen, indien een voorliggende oplossing niet mogelijk is;
• actieve signalerende functie ten aanzien van de gezondheidssituatie, de leefomstandigheden en de sociale omgeving van de cliënt;
• (dagelijkse) organisatie van het huishouden, waaronder de afstemming met andere aanwezige zorg (meervoudige problematiek);
• anderen helpen in huis met zelfverzorging (hieronder wordt verstaan het verzorgen van de cliënt, zijn gezinsleden, kinderen). Het gaat hier om de hulp daarbij, dus niet om de activiteiten die onder de Zvw/Wlz functie ""persoonlijke verzorging"" vallen;
• kindverzorging, waarbij rekening wordt gehouden met gebruikelijke hulp zoals omschreven in 4.5.10 van deze beleidsregels.",2456,160
CVDR701542_1__art3.5.3__lid5,,CVDR701542,1,GM0243,kern,HOOFDSTUK 3 MAATWERKVOORZIENINGEN > Artikel 3.5.3 Kenmerken > lid 5,HOOFDSTUK 3 MAATWERKVOORZIENINGEN,3.5.3,Kenmerken,5,,,,,,artikel,wmo,Logeeropvang richt zich op de belanghebbende waar toezicht in de directe nabijheid aanwezig moet zijn en waar ondersteuning noodzakelijk is. Het gedrag van de belanghebbende is voorspelbaar en risico’s als gevolg van de problematiek zijn goed in te schatten.,258,139
CVDR755664_1__art11.2__lid1,,CVDR755664,1,GM0642,kern,Hoofdstuk 11 Burger- en cliëntenparticipatie > Artikel 11.2 Inwonersadviesraad Zwijndrecht > lid 1,Hoofdstuk 11 Burger- en cliëntenparticipatie,11.2,Inwonersadviesraad Zwijndrecht,1,,,,,,artikel,wmo,1. Er is een adviesraad die adviseert aan het college en de gemeenteraad over het beleid betrefende algemene voorzieningen en maatwerkvoorzieningen.,148,132
CVDR736689_1__art__lid6,,CVDR736689,1,GM0274,kern,Artikel > lid 6,,,,6,,,,,,artikel,wmo,6. Dagelijks bestuur: het dagelijks bestuur van Modulaire gemeenschappelijke regeling sociaal domein centraal Gelderland.,121,8
CVDR670409_1__art2__deel3,CVDR670409_1__art2,CVDR670409,1,GM0342,kern,Artikel 2. Vervolg maatwerkvoorzieningen vervoer en mobiliteit > deel 3,,2,Vervolg maatwerkvoorzieningen vervoer en mobiliteit,,,,,,,artikel,beide,"Pgb woningaanpassingen
De kosten voor woontechnische en bouwkundige woningaanpassingen worden uitbetaald op basis van trekkingsrecht tot maximaal 100% van de goedgekeurde offertekosten. Indien de geschatte aanpaskosten het bedrag van € 6.807,00 passeren dienen minimaal drie offertes (gesplitst in kosten van volumes/onderdelen, gebruikte materialen en arbeid) te worden aangevraagd en ingediend. Daarbij gelden voor bouwkundige of woontechnische voorzieningen de volgende maxima:
• € 975,00 voor een woonwagen die binnen vijf jaar is afgeschreven of waarvan de standplaats binnen vijf jaar wordt opgeheven.
• € 6.923,00 voor het bezoekbaar maken van een woning.
Onderhoud en reparatie van woonvoorzieningen, mits niet verwijtbaar
De vergoeding bedraagt 100% van de werkelijke kosten en wordt uitsluitend verstrekt voor de onderstaande maatwerkvoorzieningen voor zover binnen deze regeling verstrekt en (nog) noodzakelijk geacht:
- alle vormen van hef- en trapliften
- patiëntentilliften
- mechanisme voor een hoog / laag verstelbaar keukenblok
- elektromechanische openings- en sluitingsmechanisme van deuren
- intercom met elektrische slotplaat
- onderspoeling- en föhninrichting
Indien de gemeente een onderhoudscontract met een voorkeursleverancier heeft afgesloten voor de levering van onderhoud en reparatie gelden de prijzen uit het desbetreffende onderhoudscontract - exclusies eventueel bedongen korting - als uitgangpunt.",1431,3
CVDR754797_1__art2.5.1,,CVDR754797,1,GM1729,kern,2. De vraag van de inwoner > 2.5 Uitzonderingen > Artikel 2.5.1 Spoedeisende gevallen,2. De vraag van de inwoner,2.5.1,Spoedeisende gevallen,,,,,,,artikel,wmo,In spoedeisende gevallen kan de gemeente afwijken van de normale procedure om ervoor te zorgen dat de inwoner de hulp krijgt die nodig is. Later zal er dan een onderzoek plaatsvinden volgens de procedure.,204,55
CVDR635062_4__art3.2__lid3,,CVDR635062,4,GM1659,kern,HOOFDSTUK 3 TE BEREIKEN RESULTATEN > Artikel 3.2 Nadere regels in verband met de uitwerking van de te bereiken resultaten > lid 3,HOOFDSTUK 3 TE BEREIKEN RESULTATEN,3.2,Nadere regels in verband met de uitwerking van de te bereiken resultaten,3,,,,,,artikel,wmo,De bovengrens van de maatwerkvoorziening huishoudelijke ondersteuning wordt gevormd door de activiteiten en frequentie die volgen uit het actuele Normenkader huishoudelijke ondersteuning van bureau HHM.,202,28
CVDR665667_1__art3.8__lid2,,CVDR665667,1,GM0267,kern,Hoofdstuk 3: Aanvraag maatwerkvoorziening > Artikel 3.8 Regels pgb > lid 2,Hoofdstuk 3: Aanvraag maatwerkvoorziening,3.8,Regels pgb,2,,,,,,artikel,wmo,"Het pgb mag niet worden besteed aan:
a. Kosten voor bemiddeling, tussenpersonen of belangenbehartigers;
b. Kosten voor het voeren van een pgb-administratie;
c. Kosten voor ondersteuning bij het aanvragen en beheren van een pgb;
d. Kosten voor een feestdaguitkering en een eenmalige uitkering.",292,48
CVDR701534_1__art3.12.1__lid4,,CVDR701534,1,GM0050,kern,HOOFDSTUK 3 MAATWERKVOORZIENINGEN > Artikel 3.12.1 vormen van maatwerkvoorzieningen mobiliteit en vervoer > lid 4,HOOFDSTUK 3 MAATWERKVOORZIENINGEN,3.12.1,vormen van maatwerkvoorzieningen mobiliteit en vervoer,4,,,,,,artikel,wmo,De voorzieningen worden in bruikleen verstrekt en kunnen nieuw of her verstrekt worden.,87,237
CVDR749567_1__art6.7.1__lid4,,CVDR749567,1,GM0344,kern,Hoofdstuk 6. Weging specifieke maatwerkvoorzieningen > 6.7 Leidraad dagbegeleiding > Artikel 6.7.1 Afwegingskader dagbegeleiding > lid 4,Hoofdstuk 6. Weging specifieke maatwerkvoorzieningen,6.7.1,Afwegingskader dagbegeleiding,4,,,,,,artikel,wmo,4. Cliënt heeft onvoldoende eigen mogelijkheden om maatschappelijke te participeren.,84,138
CVDR715072_1__art8.1__lid6,,CVDR715072,1,GM0432,kern,Hoofdstuk 8. Meldingsregeling calamiteiten en geweld en toezicht op kwaliteit en rechtmatigheid > Artikel 8.1 Meldingsregeling calamiteiten en geweld > lid 6,Hoofdstuk 8. Meldingsregeling calamiteiten en geweld en toezicht op kwaliteit en rechtmatigheid,8.1,Meldingsregeling calamiteiten en geweld,6,,,,,,artikel,wmo,"Tussen het college, de aanbieder en het WIJkteam OpMEER worden afspraken vastgelegd over de nazorg aan betrokken personen.",122,125
CVDR627521_1__art6__lid2,,CVDR627521,1,GM0629,kern,Artikel 6 Eigen bijdrage > lid 2,,6,Eigen bijdrage,2,,,,,,artikel,wmo,De eigen bijdrage is niet verschuldigd wanneer het gezamenlijk netto gezinsinkomen lager is dan 130% van de norm voor gehuwden o.g.v. artikel 21 onder b Participatiewet.,169,17
CVDR751623_1__vrijetekst__11,,CVDR751623,1,GM0085,kern,"Hoofdstuk 1 – Melding, onderzoek en aanvraag > ter compensatie van","Hoofdstuk 1 – Melding, onderzoek en aanvraag",,ter compensatie van,,,,,,,artikel,wmo,"de beperkingen in de zelfredzaamheid of participatie die de cliënt ondervindt, voor",83,11
CVDR716845_1__vrijetekst__20,,CVDR716845,1,GM0230,kern,1.8.1 Eigen oplossingen > Uitzonderingen,1.8.1 Eigen oplossingen,,Uitzonderingen,,,,,,,artikel,wmo,"In bepaalde gevallen kan een inwoner, ondanks de aanwezigheid van een of meerdere huisgenoten, toch in aanmerking komen voor een maatwerkvoorziening. Bijvoorbeeld in de volgende gevallen:
- Wanneer de partner of huisgenoot gezondheidsproblemen en beperkingen heeft en of door de combinatie met het voeren van het huishouden overbelast dreigt te raken. Dan zullen de (medische) gegevens ter onderbouwing daarvan door de betrokkene moeten worden aangeleverd. Het college moet daar een onafhankelijk oordeel over kunnen vormen.
- In het geval de inwoner een zeer korte, bekende levensverwachting heeft kan, ter ontlasting van de leefeenheid van de inwoner, afgewogen worden of taken die anders onder de gebruikelijke hulp vallen toch in aanmerking kunnen voor een maatwerkvoorziening.
- Als naar het oordeel van het College sprake is van bijzondere omstandigheden. Hieronder wordt in ieder geval verstaan: stapeling van zorgtaken.
d. Mantelzorg
Mantelzorg (zie art.1.1.1.Wmo 2015, begripsbepalingen) is hulp bij de zelfredzaamheid en het meedoen in de samenleving, die rechtstreeks ontstaat uit een tussen personen bestaande sociale relatie en die niet wordt gekregen in het kader van een hulpverlenend beroep. Mantelzorg overstijgt de gebruikelijke zorg en kan geboden worden door huisgenoten of door andere personen uit het sociale netwerk. De mantelzorger is bereid om een groot deel of de gehele ondersteuning te bieden en doet dit vrijwillig. Belangrijk is de verdeling tussen draagkracht en draaglast van de mantelzorger. Mantelzorgers vinden het geven van hulp aan anderen meestal vanzelfsprekend, de relatie met de persoon die ondersteuning nodig heeft is de drijfveer voor deze zorg. Tijdens de onderzoeksfase wordt dit in kaart gebracht, net als de eventueel dreigende overbelasting. Ondersteuning is dan belangrijk om de taak van de mantelzorger vol te kunnen houden, door ‘vrij te zijn’ van zorg. De ondersteuning is dan bedoeld voor de persoon met een beperking. Als er sprake is van (dreigende) overbelasting kan de gemeente de mantelzorger ondersteuning bieden, bijvoorbeeld door iemand door te sturen naar het Steunpunt Mantelzorg.
In geval van een voorziening wordt deze altijd gegeven aan de persoon met een beperking en niet aan de mantelzorger. Als er een maatwerkvoorziening wordt gegeven in de vorm van een Pgb kan deze niet door een overbelaste mantelzorger worden ingevuld: het gaat namelijk ook om diens (dreigende) overbelasting.
Er zijn verschillende manieren om de zorgtaak voor de persoon aan wie mantelzorg wordt gegeven te verlichten, zoals:
- het inzetten van eigen netwerk om bijvoorbeeld een paar uur zorg over te nemen;
- het inzetten van een vrijwilliger, zie ook onder e;
- ondersteuning door MEE;
- gebruik maken van welzijnsactiviteiten;
- gebruik maken van het mantelzorgsteunpunt;
- het inzetten van begeleiding groep;
- het inzetten van begeleiding individueel door professionele hulp;
- het inzetten van kortdurend verblijf (logeren).",2974,20
CVDR710009_1__art8,,CVDR710009,1,GM0141,kern,Artikel 8. Zittingsduur,,8,Zittingsduur,,,,,,,artikel,wmo,"1. De voorzitter, leden en plaatsvervangende leden worden benoemd voor een termijn van vier jaar. De voorzitter, leden en plaatsvervangende leden kunnen hoogstens één keer worden herbenoemd.
2. De voorzitter en de leden kunnen op elk moment ontslag nemen. Zij doen daarvan schriftelijk mededeling aan burgemeester en wethouders.
3. De aftredende of ontslagnemende voorzitter of leden blijven hun functie vervullen totdat in de opvolging is voorzien.",449,9
CVDR309743_1__aanhef__1,,CVDR309743,1,GM0317,kern,Aanhef,,,,,,,,,,aanhef,wmo,"De gemeente Eemnes stelt de volgende verordening vast: Verordening wet
                        maatschappelijke ondersteuning gemeente Eemnes 2013",146,1
CVDR759974_2__art2.1__lid3,,CVDR759974,2,GM0505,kern,Hoofdstuk 2: Toegang tot hulp en ondersteuning > Artikel 2.1 Toegang tot ondersteuning via de gemeente > lid 3,Hoofdstuk 2: Toegang tot hulp en ondersteuning,2.1,Toegang tot ondersteuning via de gemeente,3,,,,,,artikel,wmo,"3. Indien sprake is van samenloop van ondersteuningsbehoeften onder de Wet Maatschappelijke ondersteuning 2015, de Jeugdwet, de Participatiewet en de Wet gemeentelijke schuldhulpverlening zorgt het college voor een afgestemde inzet van voorzieningen.",250,11
CVDR656181_1__art,,CVDR656181,1,GM0216,kern,5. Omschrijving Huishoudelijke ondersteuning > Artikel,5. Omschrijving Huishoudelijke ondersteuning,,,,,,,,,artikel,wmo,"Huishoudelijke ondersteuning (HO) is het geheel of gedeeltelijk overnemen van huishoudelijke activiteiten bij zorgvragers die deze niet of niet meer zelf kunnen (regelen). De ondersteuning beperkt zich tot dat wat noodzakelijk is voor de versterking of het behoud van de zelfredzaamheid en participatie. De ondersteuning gaat niet zo ver dat er rekening gehouden kan en moet worden met alle wensen van de cliënt, wat betreft bijvoorbeeld persoonlijke voorkeuren, smaak, luxe en gewoontes.
HO kan worden ingezet als er beperkingen zijn bij het voeren van een huishouden. De beperkingen kunnen een gevolg zijn van aandoeningen van somatische, psychogeriatrische of psychiatrische aard dan wel ten gevolge van een verstandelijke, lichamelijke of zintuiglijke beperking. Ook een psychosociaal probleem kan ten grondslag liggen aan een indicatie HO.
In het onderzoek naar de mogelijke inzet van HO wordt gekeken naar wat de betrokkene zelf kan (doen/regelen) en welke ondersteuning zijn sociale netwerk kan bieden. De mate van zelfredzaamheid wordt onderzocht en gestimuleerd. Er wordt gekeken welke ondersteuning vanuit de gemeente aanvullend noodzakelijk is. Ook wordt van betrokkene verwacht dat hij binnen de eigen mogelijkheden huishoudelijke werkzaamheden blijft doen. Opruimen van de woning is hierbij een belangrijk aandachtspunt zodat het schoonmaken efficiënt kan plaatsvinden.
In het toewijzingsdocument wordt aangegeven welke resultaatgebieden behaald moeten worden en welke activiteiten cliënt zelf kan uitvoeren met of zonder eigen netwerk. Het toewijzingsdocument maakt onderdeel uit van de beschikking. Cliënt en aanbieder maken samen afspraken hoe de invulling van de te bereiken resultaten vorm krijgt.
De gemeente onderscheidt zeven resultaatgebieden:",1765,6
CVDR720067_1__art35__lid1,,CVDR720067,1,GM0098,kern,HOOFDSTUK 5: Kwaliteit en veiligheid > Artikel 35 Verhouding prijs en kwaliteit levering door derden > lid 1,HOOFDSTUK 5: Kwaliteit en veiligheid,35,Verhouding prijs en kwaliteit levering door derden,1,,,,,,artikel,wmo,"Ter waarborging van een goede verhouding tussen de prijs voor de levering van een dienst door een derde als bedoeld in artikel 2.6.4 van de wet en de eisen die gesteld worden aan de kwaliteit van de dienst stelt het college vast:
a. een vaste prijs, die geldt voor een inschrijving als bedoeld in de Aanbestedingswet 2012 en het aangaan van een overeenkomst met de derde; of
b. een reële prijs die geldt als ondergrens voor:
1°. een inschrijving en het aangaan van een overeenkomst met de derde, en
2°. de vaste prijs, bedoeld in onderdeel a.",542,111
CVDR670707_1__art2.7__lid1,,CVDR670707,1,GM0845,kern,HOOFDSTUK 2 PERSOONSGEBONDEN BUDGET > Artikel 2.7 Specialistische hulp – Kortdurend verblijf > lid 1,HOOFDSTUK 2 PERSOONSGEBONDEN BUDGET,2.7,Specialistische hulp – Kortdurend verblijf,1,,,,,,artikel,wmo,"Het persoonsgebonden budget voor kortdurend verblijf bedraagt maximaal:
a. € 104,91 per dag, als de inwoner een zorgorganisatie inschakelt met medewerkers in loondienst met de voor de sector toepasselijke cao (veelal VVT).
b. € 89,17 per dag, als de inwoner een zzp’er of zorgorganisatie die een lagere cao hanteert, inschakelt.
c. € 31,47 per dag, als de inwoner iemand uit het sociaal netwerk inschakelt.",406,20
CVDR679087_1__art5__lid4,,CVDR679087,1,GM0228,kern,Hoofdstuk 2 Toezicht op de naleving > Artikel 5 Inspectierapport > lid 4,Hoofdstuk 2 Toezicht op de naleving,5,Inspectierapport,4,,,,,,artikel,wmo,"Alvorens het inspectierapport vast te stellen, stelt de toezichthouder de onderzochte zorgaanbieder of cliënt in de gelegenheid om van het conceptrapport kennis te nemen en daarover zijn zienswijze kenbaar te maken. De toezichthouder vermeldt de zienswijze van betrokkene in een bijlage bij het rapport. In geval van een quick scan wordt deze stap overgeslagen.",361,14
CVDR77503_1__art8,,CVDR77503,1,GM0376,kern,Hoofdstuk 3 Hulp bij het huishouden > Artikel 8 Vormen van hulp bij het huishouden,Hoofdstuk 3 Hulp bij het huishouden,8,Vormen van hulp bij het huishouden,,,,,,,artikel,wmo,"De door het college, ter compensatie van beperkingen ten gevolge van ziekte of gebrek inclusief chronisch psychische en psychosociale problemen bij het voeren van een huishouden, te verstrekken voorziening kan bestaan uit:
a. een algemene voorziening waaronder algemene hulp bij het huishouden;
b. hulp bij het huishouden in natura;
c. een persoonsgebonden budget te besteden aan hulp bij het huishouden.",404,22
CVDR757524_1__tekst__326,,CVDR757524,1,GM0313,kern,Hoofdstuk 11. van oud naar nieuw > 11.3 Afwijken van de verordening (hardheidsclausule) (Gemeentewet),Hoofdstuk 11. van oud naar nieuw,,,,,,,,,artikel,wmo,De gemeente kan afwijken van een bepaling uit deze verordening als toepassing van die bepaling een onredelijke uitkomst heeft voor de inwoner of voor een ander die direct bij het besluit betrokken is. Een uitkomst is in ieder geval onredelijk als de doelen van de in 1.1. genoemde wetten of de doelen van de verordening door het toepassen van de regels juist niet worden gehaald.,379,326
CVDR175067_1__bijlage__68__deel21,CVDR175067_1__bijlage__68,CVDR175067,1,GM0451,kern,Bijlage > 20 minuten per keer,,,,,,,,,,bijlage,wmo,Marge,5,68
CVDR686160_1__bijlage__15__deel25,CVDR686160_1__bijlage__15,CVDR686160,1,GM1970,kern,Bijlage > 30 minuten per week,,,,,,,,,,bijlage,wmo,Aanleren van vaardigheden (duur 6 weken),40,15
CVDR749858_2__art9.6.5__lid7,,CVDR749858,2,GM1859,kern,9 Afspraken tussen inwoner en gemeente > 9.6 Hoe controleert de gemeente of de afspraken worden nagekomen? > Artikel 9.6.5 Rechtmatigheid en doelmatigheid > lid 7,9 Afspraken tussen inwoner en gemeente,9.6.5,Rechtmatigheid en doelmatigheid,7,,,,,,artikel,wmo,"7. De gemeente
monitort het gebruik van het
pgb
en de behaalde resultaten in relatie tot de gestelde doelen;",108,451
CVDR720820_2__art36__lid1,,CVDR720820,2,GM0889,kern,Hoofdstuk 10: Overgangsrecht en slotbepalingen > Artikel 36. Inwerkingtreding en citeertitel > lid 1,Hoofdstuk 10: Overgangsrecht en slotbepalingen,36,Inwerkingtreding en citeertitel,1,,,,,,artikel,wmo,Deze verordening treedt in werking op de dag na publicatie.,59,147
CVDR754959_1__art3.4.13__lid5,,CVDR754959,1,GM1719,kern,Hoofdstuk 3. Werk en Participatie > 3.4 Voorzieningen – werk > Artikel 3.4.13a Structurele loonkostensubsidie > lid 5,Hoofdstuk 3. Werk en Participatie,3.4.13,Structurele loonkostensubsidie,5,,,,,,artikel,wmo,"5. De hoogte van de loonkostensubsidie hangt af van de loonwaarde en is maximaal 70% van het wettelijk minimumloon, inclusief wettelijke vakantietoeslag en vergoeding voor werkgeverslasten.",189,133
CVDR764205_1__art,,CVDR764205,1,GM1655,kern,4. Maatwerkvoorzieningen > Artikel,4. Maatwerkvoorzieningen,,,,,,,,,artikel,wmo,"De Wmo 2015 gaat uit van maatwerk door te kijken naar de mogelijkheden van de client in het participeren in de maatschappij. Hierbij wordt gekeken hoe de beperkingen die iemand ondervindt opgelost kunnen worden, en het te behalen resultaat en welke oplossingen daarbij passen. Twee personen met dezelfde beperking kunnen voor andere voorzieningen in aanmerking komen, omdat zij op andere terreinen beperkingen ondervinden of over verschillende oplossingen beschikken. Het is in deze beleidsregels dan ook niet de bedoeling om een lijst op te stellen waar iemand voor in aanmerking komt met een bepaalde beperking. Per persoon wordt eerst gekeken naar de mogelijkheden om zelf of in het netwerkoplossingen te vinden voor zijn beperking. Wel is getracht om, mede op basis van jurisprudentie - richtlijnen te geven waarin een maatwerkvoorziening kan voorzien.
Wmo-maatwerkvoorzieningen worden resultaatgericht afgegeven. De Wmo professional bekijkt samen met de cliënt welke resultaten behaald moeten worden (""het WAT"") en welke aandachtsgebieden nodig zijn. Op welke manier (""het HOE"") de resultaten en daarmee samenhangend de aandachtsgebieden het beste gerealiseerd kunnen worden, wordt overgelaten aan de aanbieder in overleg met de cliënt.
In de Wmo 2015 zijn in ieder geval de volgende resultaatgebieden te vinden:
· huishoudelijke ondersteuning: het voeren van een gestructureerd huishouden
· verplaatsen in en om de woning
· normaal gebruik van de woning: het wonen in een geschikte woning
· vervoer: lokaal verplaatsen per vervoermiddel
· begeleiding: individueel, groepsbegeleiding en logeeropvang. Het hebben van (dag)structuur in het persoonlijke leven en voeren van regie daarover en het mogelijk maken van mantelzorg
· ontmoeten van medemensen en het aangaan (en onderhouden) van sociale verbanden
· uitvoeren noodzakelijke algemene dagelijkse levensverrichtingen.",1875,34
CVDR686961_4__art18__lid2,,CVDR686961,4,GM0882,kern,"Hoofdstuk 6: Bijdrage in de kosten > Artikel 18 Bijdrage in de kosten voor (overige) algemene voorzieningen bedoeld in artikel 2.1.4, eerste lid, van de wet > lid 2",Hoofdstuk 6: Bijdrage in de kosten,18,"Bijdrage in de kosten voor (overige) algemene voorzieningen bedoeld in artikel 2.1.4, eerste lid, van de wet",2,,,,,,artikel,wmo,"De kostprijs van een algemene voorziening wordt bepaald door een aanbesteding, na consultatie op de markt of na overleg met de aanbieder.",137,77
CVDR662591_4__art,,CVDR662591,4,GM1924,kern,Hoofdstuk 9 Rolstoelvoorzieningen > 9.2 Producten en doelgroepen > Artikel  Buggy/kinderwandelwagen,Hoofdstuk 9 Rolstoelvoorzieningen,,Buggy/kinderwandelwagen,,,,,,,artikel,wmo,"Een buggy of een kinderwandelwagen zijn in beginsel algemeen gebruikelijke voorzieningen. Bij het aanwezig zijn van een medische indicatie en indien de algemeen gebruikelijke voorzieningen niet afdoende zijn, kan een buggy of een kinderwandelwagen geïndiceerd worden in het kader van de wet.",291,83
CVDR75702_1__tekst__5__deel6,CVDR75702_1__tekst__5,CVDR75702,1,GM0858,kern,Hoofdstuk 4 Woonvoorzieningen > Artikel 16 Bezoekbaar maken hoofdverblijf,Hoofdstuk 4 Woonvoorzieningen,,,,,,,,,artikel,wmo,"Onder bezoekbaar maken wordt uitsluitend verstaan dat de aanvrager de woonruimte, de woonkamer, één toilet en de buitenruimte behorende bij het hoofdverblijf kan bereiken.Het bedrag dat als maximum verstrekt wordt bij het bezoekbaar maken van een woning als genoemd in artikel 19 van de verordening bedraagt € 5.000,--.",319,5
CVDR736294_3__vrijetekst__515,,CVDR736294,3,GM1903,kern,Hoofdstuk 13 Begrippenlijst > Samenwonenden,Hoofdstuk 13 Begrippenlijst,,Samenwonenden,,,,,,,artikel,wmo,: inwoners die een gemeenschappelijke huishouding voeren als bedoeld in artikel 3 van de Participatiewet.,105,515
CVDR734348_1__toelichting_artikel__55,,CVDR734348,1,GM0766,kern,Toelichting > Artikel 2 > Artikel 2,,2,,,Artikel 2,,2,nummer,,toelichting_artikel,wmo,"In het eerste lid wordt de omvang bepaald van het maximumaantal leden dat in de adviesraad zitting neemt. Gekozen is voor een maximum van 12 leden per adviesraad, exclusief de voorzitter en een maximum van 20 leden bij een integrale adviesraad, zodat bij een volledige bezetting er geen staking van stemmen kan plaatshebben met inachtneming van de doorslaggevende stem van de voorzitter. Daarnaast is een minimum van 6 leden toegevoegd.
Lid 2 tot en met 4 ziet toe op diversiteit in samenstelling van de adviesraad. Hierin wordt bepaald dat een aantal leden van de adviesraden cliënt is of cliënten vertegenwoordigen van de wetten waar zij advies over uitbrengen. Dit is bepaald om te borgen dat de stem van cliënten in de gemeente Dongen gerepresenteerd wordt. Lid 10 voorziet in een hardheidsclausule voor als dit quotum niet gehaald kan worden.
Lid 5 en 6 borgen de integriteit en kwaliteit.
Lid 7 ziet toe op een minimum van 6 vergaderingen. Lid 8 is opgenomen in aanvulling hierop om deelneming aan regionale overleggen te borgen. Hier staat geen extra vergoeding tegenover.
Lid 9 maakt dat de vergaderingen van de adviesraad openbaar zijn. In het huishoudelijk reglement van de adviesraad wordt bepaald of delen van de vergadering besloten worden voortgezet.",1264,55
CVDR755971_1__tekst__11__deel6,CVDR755971_1__tekst__11,CVDR755971,1,GM0383,kern,4 Aanpak controles > 4.2 Controleprocessen > 4.2.2 Materiële controle,4 Aanpak controles,,,,,,,,,artikel,beide,"Volgens de VNG richtlijnen dient de gemeente vooraf:
• het doel van de materiële controle vast te stellen;
• de algemene risicoanalyse vast te stellen: op welke gegevens richt de materiele controle zich;
• het Algemeen Controleplan vast te stellen.
Het college kan een materiële controle inzetten naar aanleiding van:
• signalen uit de formele controle tijdens het declareren en betalen van zorgprestaties; dit is een gestandaardiseerd proces;
• signalen uit de interne organisatie, zoals signalen van medewerkers over de levering van zorg;
• externe signalen, zoals signalen van cliënten over de levering van zorg;
• Informatie van de Inspectie Gezondheidszorg en Jeugd (IGJ) of van een gemeentelijke toezichthouder of andere samenwerkingsorganisaties binnen Toezicht en Handhaving.",783,11
CVDR462850_1__tekst__17__deel5,CVDR462850_1__tekst__17,CVDR462850,1,GM1911,kern,"Hoofdstuk 7. Procedurele bepalingen rond onderzoek, advies, besluitvorming > deel 5","Hoofdstuk 7. Procedurele bepalingen rond onderzoek, advies, besluitvorming",,,,,,,,,artikel,wmo,"b. indien het eigendom van de woning in andere handen overgaat, nadat de persoon voor wie de aanpassing is aangebracht daarvan niet langer gebruik maakt of kan maken.
Binnen zes maanden na de verkoop van de woning dient het volledige bedrag van de lening ineens te worden terugbetaald. Bij overgang als bedoeld in het voorgaande lid onder b. wordt een termijn afgesproken die niet langer is dan vijf jaar. Het college van burgemeester en wethouder kan afzien van invordering als bedoeld in het vorige lid indien de verkoopwaarde van de woning minder bedraagt dan de openstaande hypotheeksommen.
Toelichting op de regels
Juist voor personen met beperkingen die een woning in eigendom hebben is het vaak extra belastend, bijvoorbeeld doordat de woning door vererving is verkregen, wanneer zij geconfronteerd worden met het primaat van verhuizen. Vandaar dat aan hen de mogelijkheid wordt gegeven om bij een dure woningaanpassing een alternatief te kiezen, namelijk het aangaan van een geldlening onder het verband van hypotheek. Er ligt daarmee duidelijk een link tussen de plicht om (wegens gebleken sociaal medische beperkingen) te verhuizen en het recht op een geldlening om de beperking(en) te kunnen compenseren.",1215,17
CVDR753670_1__art25__lid1,,CVDR753670,1,GM0981,kern,Hoofdstuk 5. Wmo – bijzondere bepalingen over maatwerkvoorzieningen > Paragraaf 4. Vervoersvoorzieningen > Artikel 25. Autoaanpassingen > lid 1,Hoofdstuk 5. Wmo – bijzondere bepalingen over maatwerkvoorzieningen,25,Autoaanpassingen,1,,,,,,artikel,wmo,"De inwoner die geen gebruik kan maken van ‘Omnibuzz’ of andere geschikte vervoersvoorzieningen, en die een auto bezit, kan in aanmerking komen voor een autoaanpassing, als:
a. er een medische indicatie is voor individueel vervoer per eigen auto; of als
b. er een indicatie is voor individueel (rolstoel)taxivervoer én de inwoner heeft een eigen auto die niet ouder is dan 5 jaar en het gebruik van de eigen auto verantwoord is. Extra voorwaarde is, dat de kosten van aanpassing niet hoger zijn dan de kosten die uitgegeven zouden worden aan een andere geschikte vorm van individueel vervoer gedurende één jaar.",610,73
CVDR761593_1__bijlage__158__deel3,CVDR761593_1__bijlage__158,CVDR761593,1,GM1842,kern,Bijlage > deel 3,,,,,,,,,,bijlage,wmo,"1.5
Huisdieren
Heeft de cliënt huisdieren dan hanteert het college het volgende uitgangspunt. In het algemeen geldt dat het hebben van huisdieren niet leidt tot meer inzet van huishoudelijke ondersteuning. Het ligt ook niet voor de hand dat een cliënt dit van het college verwacht. Immers, het hebben van huisdieren brengt nu eenmaal (wat) meer vervuiling van de woning met zich mee. Als uitzondering kan gelden indien de cliënt is aangewezen op een blinde geleide hond of een zogeheten hulphond die is verstrekt op grond van de Zvw of aan de jeugdige op grond van de Jeugdwet. De Centrale Raad van Beroep heeft in 2019 nog bevestigd dat beleid dat inhoudt dat de aanwezigheid van gewone huisdieren (niet zijnde hulphonden) geen aanleiding is voor het toekennen van aanvullende uren huishoudelijke ondersteuning, de rechterlijke toetsing kan doorstaan
(ECLl:NL:CRVB:2019:2585).
2.
Normenkader Huishoudelijke Ondersteuning 2025
2.1.
Context normenkader
In het Normenkader Huishoudelijke Ondersteuning 2025 wordt per onderdeel de frequentie en/of de benodigde tijd genoemd die/dat toegekend kan worden. Het gaat hierbij nadrukkelijk om een richtlijn, met als doel om uniformiteit na te streven. Iedere individuele situatie wordt separaat onderzocht en als die situatie erom vraagt dan wordt van onderstaande richtlijn afgeweken. Het college kan afwijken met zowel op- als neerwaartse bijstellingen. Dit kan alleen als gemotiveerd aangegeven wordt waarom de verhoging of verlaging noodzakelijk is. Voor alles geldt dat als maatwerk vraagt om hiervan af te wijken, dit voorgaat op de richtlijn.",1590,158
CVDR645172_8__art13.6__lid2,,CVDR645172,8,GM0177,kern,Hoofdstuk 13. Van oud naar nieuw > Artikel 13.6 Ingangsdatum en naam > lid 2,Hoofdstuk 13. Van oud naar nieuw,13.6,Ingangsdatum en naam,2,,,,,,artikel,wmo,Deze verordening treedt in werking op 1 januari 2022.,53,650
CVDR766729_1__art1,,CVDR766729,1,GM0597,kern,Artikel 1 Begripsbepalingen,,1,Begripsbepalingen,,,,,,,begrippen,beide,"In deze beleidsregel wordt verstaan onder:
- college: het college van burgemeester en wethouders van de gemeente Ridderkerk;
- pgb: persoonsgebonden budget als bedoeld in de Wet maatschappelijke ondersteuning 2015 of de Jeugdwet;
- budgethouder: degene aan wie een pgb is verleend;
- beschikking: de beschikking waarbij een pgb is toegekend;
- Rdah: de Regeling dienstverlening aan huis en de wijziging daarvan per 1 januari 2026;
- werkgeverslasten: de kosten die als rechtstreeks gevolg van de wijziging van de Rdah ten laste van het pgb komen.",546,2
CVDR762374_1__art12.3__lid9,,CVDR762374,1,GM1911,kern,"Hoofdstuk 12 Toezicht, calamiteiten en handhaving > Artikel 12.3 Handhaving, herziening en terugvordering > lid 9","Hoofdstuk 12 Toezicht, calamiteiten en handhaving",12.3,"Handhaving, herziening en terugvordering",9,,,,,,artikel,wmo,"Het college kan de SVB gemotiveerd verzoeken de betalingen uit het pgb geheel of gedeeltelijk op te schorten voor ten hoogste dertien weken, als er een gegrond vermoeden bestaat dat de cliënt niet voldoet aan verplichtingen op grond van de wet. Daarbij weegt het college de belangen van de cliënt zorgvuldig af en handelt het college proportioneel.",348,143
CVDR753408_1__toelichting_artikel__250,,CVDR753408,1,GM0183,kern,Toelichting > Artikel 2.7 > Eerste en tweede lid,,2.7,,,Eerste en tweede lid,,2.7,nummer,,toelichting_artikel,wmo,"Voor de uitvoering van de wet vraagt het college (medisch) advies als het zelf niet ter zake deskundig is. In het geval van een woningaanpassing kan het college ook om advies vragen om bijvoorbeeld vast te laten stellen wat de goedkoopst passende bijdrage is. Het kan namelijk zijn dat een woningaanpassing inpandig kan worden opgelost in plaats van met een aanbouw. Er zijn meer voorbeelden denkbaar. Uit artikel 2.3.8, derde lid, van de wet vloeit voort dat de cliënt zijn medewerking verleent aan het onderzoek door bijvoorbeeld gehoor te geven aan een oproep van de medisch adviseur of het -via een machtiging- toestemming verlenen om informatie te mogen inwinnen bij de huisarts of specialist. Wordt de bedoelde medewerking niet verleend, dan kan dat tot gevolg hebben dat het college de noodzaak van een maatwerkvoorziening niet kan vaststellen (bijv. CRVB:2019:224). Daarbij geldt wel dat het college de noodzaak niet op andere wijze kan vaststellen dan door het verlenen van de medewerking en/of de bedoelde machtiging (bijv. CRVB:2012:BY0448). Via de cliënt geldt de hier bedoelde medewerkingsplicht ook voor de huisgenoten. Denk in dit verband aan de beoordeling of wel/geen gebruikelijke hulp kan worden geboden. Het college kan ook advies vragen als dat nodig is om duidelijkheid te krijgen over de (dreigende) overbelasting van de mantelzorger. De mantelzorger kan immers ondersteuning nodig hebben bij de uitvoering (het volhouden) van de mantelzorgtaken. Deze ondersteuning is niet gericht op het verstrekken van een maatwerkvoorziening aan de mantelzorger (RBNHO:2017:1022). Omdat mantelzorg niet verplicht is, kan het zijn dat de mantelzorger geen medewerking wil verlenen aan het onderzoek. Dat staat de mantelzorger vrij.",1740,250
CVDR757141_1__art86__lid4,,CVDR757141,1,GM1892,kern,Hoofdstuk 7: Participatie in het Sociaal Domein > Artikel 86. Taken van de adviesraad > lid 4,Hoofdstuk 7: Participatie in het Sociaal Domein,86,Taken van de adviesraad,4,,,,,,artikel,wmo,De adviesraad houdt zich niet bezig met en is niet bevoegd om te adviseren of te handelen naar aanleiding van individuele klachten of problemen tenzij er duidelijke gevolgen zijn voor het algemeen beleid.,204,351
CVDR742073_1__tekst__29,,CVDR742073,1,GM0450,kern,5. Sturing op het sociaal domein > 5.4 Doorontwikkelen dashboards Wmo en Jeugd en sturingsinformatie,5. Sturing op het sociaal domein,,,,,,,,,artikel,beide,"Meten is weten. We verbeteren de managementinformatie en gaan meer data gedreven werken. Dat betekent dat we met behulp van goede data-analyse meer, sneller en beter inzicht krijgen en onze uitvoering kunnen bijsturen, dan wel het beleid kunnen aanpassen. Daarbij gaat data altijd hand in hand met storytelling ter verdieping en duiding van de data.
We gaan prestatie indicatoren formuleren en de maatschappelijke effecten en resultaten meten. Er ligt een opgave om voor Bergen, Uitgeest, Castricum en Heiloo afzonderlijk te inventariseren welke data nodig is om te kunnen sturen. En om deze data vervolgens te koppelen aan de bestuurlijke KPI’s.",646,29
CVDR753102_1__art2.1__lid2,,CVDR753102,1,GM1774,kern,HOOFDSTUK 2. PROCEDUREGELS > § 1. Melding en onderzoek > Artikel 2.1 Melding hulpvraag > lid 2,HOOFDSTUK 2. PROCEDUREGELS,2.1,Melding hulpvraag,2,,,,,,artikel,wmo,Het college registreert de melding en bevestigt de ontvangst van de melding schriftelijk of digitaal.,101,9
CVDR368304_1__art1,,CVDR368304,1,GM1700,kern,Artikel 1Woningaanpassingen Woningaanpassingen,,1,Woningaanpassingen,,,,,,,artikel,wmo,"De kosten van het treffen van een woonvoorziening moet worden terugbetaald indien de woning binnen 10 jaar na gereed melding van de woonvoorziening wordt verkocht en de kosten meer bedroegen dan € 7.500,-.
De hoogte van het terug te betalen bedrag wordt vastgesteld overeenkomstig onderstaand afschrijvingsschema:
• voor het eerste jaar 100%
• voor het tweede jaar 90%
• voor het derde jaar 80%
• voor het vierde jaar 70%
• voor het vijfde jaar 60%
• voor het zesde jaar 50%
• voor het zevende jaar 40%
• voor het achtste jaar 30%
• voor het negende jaar 20%
• voor het tiende jaar 10%",585,2
CVDR740543_1__art6.2__lid•,,CVDR740543,1,GM0141,kern,"Hoofdstuk 6 Ingangsdatum, duur, wijzigingen > Artikel 6.2 Duur van de maatwerkvoorziening > lid •","Hoofdstuk 6 Ingangsdatum, duur, wijzigingen",6.2,Duur van de maatwerkvoorziening,•,,,,,,artikel,wmo,"Het toekennen van een voorziening voor een langere periode betekent niet dat de cliënt tijdens deze periode een onvoorwaardelijke aanspraak houdt op de voorziening. Het college is altijd bevoegd om tussentijds onderzoek te verrichten naar de vraag of de voorziening nog adequaat en noodzakelijk is of dat het verstrekte Pgb nog passend is. Aan zo’n heronderzoek zijn dezelfde inhoudelijke voorwaarden verbonden als bij een onderzoek naar aanleiding van een melding;
b. De woonomstandigheden en de samenstelling van het huishouden van de cliënt en de veranderingen die zich daarin kunnen voordoen:",596,594
CVDR692652_3__toelichting_algemeen__112,,CVDR692652,3,GM0755,kern,Toelichting > Algemeen > 2.1 Melding van de hulpvraag,,,,,2.1 Melding van de hulpvraag,,,geen,,toelichting_algemeen,wmo,"(artikel 2 Wmo-verordening 2018)
Een inwoner met een ondersteuningsvraag op het gebied van zijn zelfredzaamheid of deelname aan het maatschappelijk verkeer, zal op zoek gaan naar een oplossing. In veel gevallen zal hij zelf in staat zijn ondersteuning te organiseren door een beroep te doen op iemand in zijn omgeving of een vrijwilliger. Wanneer hij niet in staat is op eigen kracht een oplossing te organiseren dan kan de inwoner zich melden bij het Dorpsteam Boekel voor informatie, advies en/of ondersteuning.
De inwoner kan zijn ondersteuningsvraag op verschillende manieren melden. Hij kan dit persoonlijk doen, telefonisch, schriftelijk of per mail. De inwoner kan hierbij een persoonlijk plan aanleveren, waarin hij aangeeft wat hij denkt nodig te hebben om maatschappelijk te kunnen meedoen en zelfredzaam te zijn. De melding mag ook door iemand anders worden gedaan. Bijvoorbeeld door een familielid, een vriend, kennis, wijkverpleegkundige, bemoeizorg, etc.
De medewerker die de melding aanneemt zal in eerste instantie informatie en advies geven. Als er daarnaast nog een vraag voor ondersteuning is, wordt de melding geregistreerd en een onderzoek gestart. De inwoner kan zich voor en tijdens het onderzoek laten bijstaan door iemand uit zijn eigen omgeving of een onafhankelijk cliëntondersteuner.
Na ontvangst en registratie van de melding, heeft het Dorpsteam Boekel zes weken de tijd om het onderzoek te doen. Na deze zes weken kan een inwoner een aanvraag indienen. Of eerder als het onderzoek eerder is afgerond. Er is wettelijk bepaald dat geen aanvraag kan worden gedaan zonder dat er eerst een melding en onderzoek heeft plaatsgevonden, tenzij het gaat om een spoedeisende situatie.",1704,112
CVDR687373_3__art18__lid5,,CVDR687373,3,GM0988,kern,Hoofdstuk VI: Kwaliteit en veiligheid > Artikel 18. Kwaliteitseisen maatschappelijke ondersteuning > lid 5,Hoofdstuk VI: Kwaliteit en veiligheid,18,Kwaliteitseisen maatschappelijke ondersteuning,5,,,,,,artikel,wmo,"Het college ziet toe op de naleving van deze eisen door periodieke overleggen met de aanbieders, een jaarlijks cliëntervaringsonderzoek en het zo nodig in overleg met de cliënt ter plaatse controleren van de geleverde voorzieningen.",232,81
CVDR670707_1__art2.6__lidb,,CVDR670707,1,GM0845,kern,HOOFDSTUK 2 PERSOONSGEBONDEN BUDGET > Artikel 2.6 Specialistische hulp - Groepsbegeleiding > lid b,HOOFDSTUK 2 PERSOONSGEBONDEN BUDGET,2.6,Specialistische hulp - Groepsbegeleiding,b,,,,,,artikel,wmo,"€ 20,00 per dag voor rolstoel gebonden vervoer.",47,19
CVDR633769_2__bijlage__119__deel36,CVDR633769_2__bijlage__119,CVDR633769,2,GM0356,kern,Bijlage > Artikel 3.4 Aanvullende criteria maatwerkvoorziening Wmo,,,,,,,,,,bijlage,beide,"Eerste lid
In aanvulling op artikel 3.3. wordt in artikel 3.4. in het eerste lid nog een aantal weigeringsgronden beschreven die specifiek van toepassing zijn op maatwerkvoorzieningen Wmo.
Onder a. Voorzienbaarheid
In de memorie van toelichting is bij artikel 2.3.5, derde lid, van de Wmo (Kamerstukken II 2013-14, 33 841, nr. 3, p. 148) opgemerkt dat de maatwerkvoorziening nadrukkelijk een hekkensluiter is:
“Alleen wanneer iemand echt niet zelf of met hulp van zijn omgeving in staat is tot zelfredzaamheid of participatie en ook een algemene voorziening geen uitkomst biedt, is er een rol voor het college. Dat is niet het geval wanneer het gaat om diensten, hulpmiddelen, woningaanpassingen of andere maatregelen die naar hun aard gebruikelijk zijn (fiets, schoonmaakmiddelen, wandelstok, eenvoudige rollator). Wanneer iemand beschikt over algemeen gebruikelijke zaken, maar deze in verband met zijn beperking of problemen niet meer afdoende zijn, kan aanleiding bestaan om een voorziening te treffen. Dat is ook niet het geval als de aanvrager zijn behoefte aan maatschappelijke ondersteuning redelijkerwijs van te voren had kunnen voorzien en met zijn beslissing had kunnen voorkomen, bijvoorbeeld: indien iemand is aangewezen op een rolstoel en een huis koopt waarin veel dure aanpassingen moeten worden aangebracht, had het in de rede gelegen dat de aanvrager in een al aangepast huis zou zijn gaan wonen.”",1415,119
CVDR720069_2__toelichting_artikel__149,,CVDR720069,2,GM0503,kern,Toelichting > Artikel 6 > Lid 2,,6,,,Lid 2,Lid 2,6,nummer,,toelichting_artikel,wmo,Een Wmo maatwerkvoorziening is een laatste redmiddel. Dat betekent dat inwoners zelf moeten doen wat ze kunnen om geen maatwerkvoorziening nodig te hebben. Bijvoorbeeld door met sporten onder begeleiding hun conditie te verbeteren.,231,149
CVDR763659_1__art6__lid4,,CVDR763659,1,GM0994,kern,Hoofdstuk 2: melding en onderzoek > Artikel 6. Gesprek > lid 4,Hoofdstuk 2: melding en onderzoek,6,Gesprek,4,,,,,,artikel,wmo,"De cliënt is op basis van artikel 2.3.8, derde lid van de wet verplicht aan het college desgevraagd de medewerking te verlenen die redelijkerwijs nodig is voor de uitvoering van de wet. Hieronder begrepen is de aanwezigheid van de cliënt en/of diens vertegenwoordiger bij het gesprek. Op het moment dat de cliënt en/of diens vertegenwoordiger aangeeft zelf niet te willen of kunnen deelnemen aan (onderdelen van) het onderzoek dient er een zorgvuldige beoordeling plaats te vinden in hoeverre dit redelijkerwijs noodzakelijk is. In voorkomende gevallen wordt in het ondersteuningsplan verplicht aandacht besteed aan onderstaande punten. Daarbij zijn de volgende aspecten van belang:",682,62
CVDR706656_1__art__lida,,CVDR706656,1,GM0193,kern,2 Vervoersvoorzieningen > Artikel  2.7.4 Aanpassingen voor het meenemen van de rolstoel in de auto > lid a,2 Vervoersvoorzieningen,,2.7.4 Aanpassingen voor het meenemen van de rolstoel in de auto,a,,,,,,artikel,wmo,cliënt is niet in staat gebruik te maken van het collectief vervoer en;,71,280
CVDR720209_1__bijlage__97__deel8,CVDR720209_1__bijlage__97,CVDR720209,1,GM1966,kern,Bijlage > 1. Begeleidingsplan,,,,,,,,,,bijlage,wmo,"2. Navraag bij de consulenten
1.3
Het begeleidingsplan bevat en vertaalt de dienstverleningsopdracht in concrete werkafspraken en praktische afspraken omtrent de aard, de aanpak, de uitvoer en de frequentie van de zorg.
(Bijlage 5 Overeenkomst – uitvoeringsvoorwaarden)",269,97
CVDR738307_1__art8.6.4__lid3,,CVDR738307,1,GM0441,kern,"Hoofdstuk 8 Afspraken tussen inwoners en gemeente > 8.6 Matigen boete Participatiewet, Ioaw, Ioaz en Bbz 2004 > Artikel 8.6.4. Verlaging van de boete bij te laat maar uit eigen beweging doorgeven van inlichtingen > lid 3",Hoofdstuk 8 Afspraken tussen inwoners en gemeente,8.6.4,Verlaging van de boete bij te laat maar uit eigen beweging doorgeven van inlichtingen,3,,,,,,artikel,wmo,"3. De boete kan niet lager zijn dan € 150,--.",45,653
CVDR714173_1__vrijetekst__7,,CVDR714173,1,GM0432,kern,2. Uitgangspunten voor beleid > Opgave:,2. Uitgangspunten voor beleid,,Opgave:,,,,,,,artikel,wmo,"Een zorgzame gemeenschap. Wij hebben oog voor elkaar. Daarom investeren wij in een goede
zorgverlening die dichtbij de mensen staat. Onderdeel daarvan is de ambitie dat mensen zo lang mogelijk in de eigen gemeenschap gezond, bij voorkeur zelfstandig, kunnen wonen. We willen mensen dicht bij elkaar laten wonen en leven, waar nodig ondersteund door inwoners en of betaalbare zorg.
We spannen ons in om zorg bereikbaar te houden. We investeren in wijkgericht werken en zorgoplossingen op maat. Daarnaast worden de vrijwillige mantelzorgers vanuit de gemeente goed bijgestaan met kennis en advies.",595,7
CVDR706324_2__art2.2__lid3,,CVDR706324,2,GM0193,kern,Hoofstuk 2 Voorzieningen > Artikel 2.2 Criteria voor een maatwerkvoorziening > lid 3,Hoofstuk 2 Voorzieningen,2.2,Criteria voor een maatwerkvoorziening,3,,,,,,artikel,wmo,"Eerst wordt in een onderzoek beoordeeld of alle mogelijkheden van de cliënt zijn benut om op eigen kracht, met gebruikelijke hulp of met hulp van personen uit zijn sociaal netwerk dan wel met gebruikmaking van algemene of andere voorzieningen zijn zelfredzaamheid of participatie te verbeteren of te regelen, zodat cliënt geen behoefte (meer) heeft aan maatwerkvoorzieningen.",375,23
CVDR693255_1__art2__lid8,,CVDR693255,1,GM0277,kern,Artikel 2 Regels voor pgb > lid 8,,2,Regels voor pgb,8,,,,,,artikel,beide,"Het college verstrekt geen pgb als er twijfels zijn over integriteit van de uitvoerder van de maatwerkvoorziening. Dit doet zich in elk geval voor als die uitvoerder:
a. fraude heeft gepleegd;
b. betrokken is geweest bij strafbare feiten of overtredingen heeft begaan die de veiligheid en de kwaliteit van de maatwerkvoorziening in gevaar brengt;
c. bestuursrechtelijke en/of fiscaalrechtelijke boetes opgelegd heeft gekregen;
d. bestuursrechtelijke handhavingsmaatregelen opgelegd heeft gekregen in de vorm van een last onder bestuursdwang en/of dwangsom;
e. en/of zijn directie en/of de aan hen gelieerde vennootschappen een zakelijk samenwerkingsverband onderhouden met derden die in relatie staan tot strafbare feiten of daarvan verdacht worden;
f. zich niet professioneel gedraagt. Dit is bijvoorbeeld zo als de pgb-aanbieder zich intimiderend opstelt, geen voorbeeldfunctie toont of incidenten hebben plaatsgevonden binnen de uitvoering van zijn functie.",960,11
CVDR651048_2__art34__lid3,,CVDR651048,2,GM0274,kern,HOOFDSTUK 10: Overgangsrecht en slotbepalingen > Artikel 34. Overgangsrecht > lid 3,HOOFDSTUK 10: Overgangsrecht en slotbepalingen,34,Overgangsrecht,3,,,,,,artikel,wmo,3. Op bezwaarschriften tegen een besluit op grond van de Verordening voorzieningen maatschappelijke ondersteuning gemeente Renkum van 2020 wordt beslist met inachtneming van die Verordening.,190,136
CVDR743827_2__art8.4.3,,CVDR743827,2,GM0757,kern,"Hoofdstuk 8: Afspraken tussen inwoner en gemeente > 8.4 Beëindigen en terugvorderen voorziening > Artikel 8.4.3 Opschorten pgb [Jeugdwet, Wmo]",Hoofdstuk 8: Afspraken tussen inwoner en gemeente,8.4.3,"Opschorten pgb [Jeugdwet, Wmo]",,,,,,,artikel,wmo,De gemeente kan aan de SVB vragen om de uitbetaling uit het pgb helemaal of gedeeltelijk uit te stellen totdat een besluit is genomen om het pgb weer voort te zetten of in te trekken. Dit kan de gemeente doen als:,213,479
CVDR345948_1__art5__lid2,,CVDR345948,1,GM1904,kern,Artikel 5 Klachtbehandeling bij de gemeente > lid 2,,5,Klachtbehandeling bij de gemeente,2,,,,,,artikel,wmo,"Heeft de klacht betrekking op de, wijze van, klachtbehandeling bij de
                            dienstverlener dan zal de interne formele procedure worden gevolgd;",165,24
CVDR670724_2__art31__lid3,,CVDR670724,2,GM1954,kern,Hoofdstuk 6: Kwaliteit en veiligheid > Artikel 31. Kwaliteitseisen maatschappelijke ondersteuning > lid 3,Hoofdstuk 6: Kwaliteit en veiligheid,31,Kwaliteitseisen maatschappelijke ondersteuning,3,,,,,,artikel,wmo,"Onverminderd andere handhavingsbevoegdheden ziet het college toe op de naleving van deze eisen door periodieke overleggen met de aanbieders, een jaarlijks cliëntervaringsonderzoek en het zo nodig in overleg met de cliënt ter plaatse controleren van de geleverde voorzieningen.",276,139
CVDR697541_1__art3.2__deel2,CVDR697541_1__art3.2,CVDR697541,1,GM1980,kern,3. Op weg naar kwalitatieve en beheersbare hulp en ondersteuning > Artikel 3.2 Doelstellingen > deel 2,3. Op weg naar kwalitatieve en beheersbare hulp en ondersteuning,3.2,Doelstellingen,,,,,,,artikel,wmo,"De gemeente, maatschappelijk partners en aanbieders kijken samen met inwoners naar de toekomst, zodat tijdig geanticipeerd wordt op veranderingen in hun leven. Dit speelt bijvoorbeeld vaak bij het ouder worden en het minder passend worden van de woning. Maar ook bij jongeren die de leeftijd van 18 jaar naderen. Met hen wordt op tijd een perspectiefplan gemaakt, zodat er zicht ontstaat op wat er na de 18e verjaardag verandert. Beleid en uitvoering zijn erop gericht dat de overgang van 18- naar 18+ zonder haperingen verloopt.
Regie voeren op integraliteit
Veel vraagstukken vinden hun oorsprong in de omgeving van een inwoner, zoals schulden, huisvesting, echtscheiding en psychische gezondheid. Dit soort vraagstukken heeft weerslag op de veerkracht van een inwoner of kan leiden tot onveiligheid of multiproblematiek. Door te investeren in vroegsignalering en bestaanszekerheid worden de gevolgen van vraagstukken zoals armoede en schulden verminderd. Dit zorgt op termijn voor onder andere een betere gezondheid, betere prestaties, voorkomen van uitval en vermindering van verslaving.
Daarom zetten we in op een integrale benadering van hulpvragen en voeren we hierop regie met een doorontwikkeling van één plan en één regisseur. Ook voeren we regie en coördinatie op de integraliteit van de ingezette hulp en ondersteuning, zodat er overzicht is op de hulp en ondersteuning in een huishouden. Hiermee voorkomen we dat verschillende hulpverleners niet weten wat de andere doet voor dezelfde inwoner. We hebben specifieke aandacht voor het voorkomen of aanpakken van huiselijk geweld en kindermishandeling, afglijden naar criminaliteit, verslaving, complexe echt- scheidingen, GGZ-problematiek en armoede- en schuldenproblematiek.",1736,34
CVDR764778_1__art42__lid2,,CVDR764778,1,GM0889,kern,"Hoofdstuk 14: Slotbepalingen > Artikel 42. Inwerkingtreding, intrekking en citeertitel > lid 2",Hoofdstuk 14: Slotbepalingen,42,"Inwerkingtreding, intrekking en citeertitel",2,,,,,,artikel,wmo,Deze beleidsregel treedt in werking op de dag na bekendmaking.,62,155
CVDR100891_1__tekst__7,,CVDR100891,1,GM0397,kern,1. Uitgangspunten voor Hulp bij het huishouden > 1.5. Voorliggende voorzieningen,1. Uitgangspunten voor Hulp bij het huishouden,,,,,,,,,artikel,wmo,"De wetgever beschouwt een aantal voorzieningen als voorliggend; dat wil zeggen dat wanneer een adequate oplossing wordt geboden door het gebruik maken van deze voorzieningen, deze optie voorgaat op een Wmo-voorziening. Van algemeen gebruikelijke voorzieningen dient gebruik te worden gemaakt voorzover die beschikbaar en passend zijn:
Tot de algemeen gebruikelijke voorzieningen behoren (niet limitatieve lijst):
▪ kinderopvang (crèche, kinderdagverblijf, overblijfmogelijkheden op school);
▪ voor- en naschoolse opvang;
▪ oppascentrale;
▪ maaltijddienst;
▪ hondenuitlaatservice;
▪ boodschappendienst.
De voorliggende voorziening moet beschikbaar en passend zijn. Als dit niet het geval is, dan is er geen sprake van een voorliggende voorziening. De indicatiesteller moet de sociale kaart goed in beeld hebben, zodat adequaat beoordeeld kan worden of een voorliggende voorziening daadwerkelijk beschikbaar en passend is. Niet relevant is of men gebruik wil maken van een voorliggende voorziening.
Het is in principe ook niet relevant welke kosten aan de voorliggende voorziening zijn verbonden, tenzij sprake zou kunnen zijn van een zogenaamd extreem laag inkomen als geldt bij het begrip algemeen gebruikelijk: een inkomen dat door kosten op grond van de ziekte of het probleem onder de bijstandsnorm uitkomt of dreigt uit te komen door deze kosten. Het is echter afhankelijk van het gemeentelijk beleid, of dit toegepast wordt en hoe.",1436,7
CVDR659036_1__bijlage__378,,CVDR659036,1,GM0339,kern,Bijlage,,,,,,,,,,bijlage,wmo,Belangrijk is om de cliënt bij de verstrekking van een maatwerkvoorziening nadrukkelijk te wijzen op zijn rechten en plichten en te wijzen op de consequenties van misbruik en oneigenlijk gebruik.,195,378
CVDR368690_2__toelichting_algemeen__55__deel15,CVDR368690_2__toelichting_algemeen__55,CVDR368690,2,GM0513,kern,Toelichting > Algemeen > Derde lid,,,,,,,,geen,,toelichting_algemeen,wmo,"Het kan zijn dat in het voortraject van de vorming van een collegeadvies de
                    Goudse adviesraad sociaal domein en de Goudse cliëntenraad al zover meegenomen
                    zijn in de voorbereidingen, dat de termijn van 8 weken verkort kan worden. Het
                    kan echter ook zijn dat voor adviesvorming een uitgebreide raadpleging van
                    meerdere partijen nodig is die meer tijd vergt. In dergelijke situaties kunnen
                    tussen beide raden en de gemeente vroegtijdig afspraken worden gemaakt over een
                    aangepaste termijn.",607,55
CVDR657442_1__tekst__26,,CVDR657442,1,GM0502,kern,4 Maatwerkvoorzieningen > 4.1.6 Stalling (driewiel)fiets,4 Maatwerkvoorzieningen,,,,,,,,,artikel,wmo,Een maatwerk- woonvoorziening wordt niet verstrekt in het kader van het stallen van een fiets of een driewielfiets. De stalling van een fiets of driewielfiets kan als algemeen gebruikelijk worden aangemerkt waar de cliënt zelf verantwoordelijk voor is. Reden hiervoor is dat de noodzaak voor de berging voor de stalling van de (driewiel)fiets ontbreekt en er geen sprake is van een rechtstreeks verband met het opheffen en verminderen van de beperkingen van de cliënt.,468,26
CVDR753191_1__art9__lid4__deel2,CVDR753191_1__art9__lid4,CVDR753191,1,GM0351,kern,2 Voorzieningen > Algemene voorzieningen > Artikel 9. Algemeen gebruikelijke voorzieningen > lid 4 > deel 2,2 Voorzieningen,9,Algemeen gebruikelijke voorzieningen,4,,,,,,artikel,beide,"i. aanhanger;
j. een standaard buggy voor kinderen tot de leeftijd van 4 jaar. Bij een aangepaste buggy zijn de meerkosten van de aanpassingen ten opzichte van de standaard buggy niet algemeen gebruikelijk.
k. een standaard bakfiets met trapondersteuning (tenzij aangeschafte bakfiets niet in de reguliere markt te verkrijgen is of passend is / aanpassing niet regulier te verwezenlijken is.);
l. fietskarretje voor kinderen (tenzij aangeschafte fietskar niet in de reguliere markt te verkrijgen is of passend is / aanpassing niet regulier te verwezenlijken is);
m. aankoppelfiets voor kinderen;
n. scooter;
o. reparatie verlichting, vervangen banden of fietszadel;
p. 4-wielscootmobiel;
q. Segway;
r. Tété Trike;
s. brommobiel 45 km;
t. opvouwbare scootmobiel.
Woonvoorzieningen:
a. toiletpot en verhoogd / hangend toilet;
b. toiletgelegenheid op de eerste etage;
c. renovatie (vervangen lavet door douche);
d. aanleg centrale verwarming;
e. douchecabine, douchecel, douchewand, seniorendouchebak;
f. mechanische ventilatie (beluchten woning);
g. airconditioning woonruimte;
h. kooktoestellen algemeen zo ook keramische en inductie;
i. zonwering (binnen en buiten);
j. alle vormen van mechanische ventilatie;
k. alle vormen van kranen (eenhendel-mengkranen, thermostaatkranen en glijstangset);",1294,27
CVDR741788_1__art2__lid4,,CVDR741788,1,GM1783,kern,HOOFDSTUK 2 TOEGANGSPROCEDURE > Artikel 2. Melding behoefte aan maatschappelijke ondersteuning > lid 4,HOOFDSTUK 2 TOEGANGSPROCEDURE,2,Melding behoefte aan maatschappelijke ondersteuning,4,,,,,,artikel,wmo,"In spoedeisende gevallen als bedoeld in artikel 2.3.3 van de wet kan het college na de melding direct een tijdelijke maatwerkvoorziening treffen, in afwachting van de uitkomst van het onderzoek. Onder spoedeisende gevallen wordt in ieder geval geschaard:
a. De cliënt is langdurig mantelzorger (dit houdt in langer dan drie maanden en meer dan 8 uur per week) en dreigt overbelast te raken.
b. De cliënt heeft onverwachts tijdelijke problemen met het uitvoeren van huishoudelijke taken wegens een tijdelijke beperking.",518,7
CVDR324506_1__tekst__44,,CVDR324506,1,GM0826,kern,6. Woonvoorzieningen > 6.8 (Geen) primaat van verhuizing,6.8 (Geen) primaat van verhuizing,,,,,,,,,artikel,wmo,"Aangezien het hanteren van een verhuisprimaat aan zeer strenge vereisten (zie hoofdstuk 1) moet voldoen alvorens toegepast te kunnen worden, heeft het college van Oosterhout besloten binnen de woonvoorzieningen géén rangorde aan te brengen. Dus géén primaatstelling. Indien er ná zorgvuldig onderzoek in een concreet geval meerdere voorzieningen afdoende compensatie bieden, moet de goedkoopst compenserende voorziening worden aangeboden.",438,44
CVDR609443_1__toelichting_artikel__71,,CVDR609443,1,GM0396,kern,Toelichting > Artikel 12 > Lid 1,,12,,,Lid 1,Lid 1,12,nummer,,toelichting_artikel,wmo,De gemeente zorgt voor een (of meer) ambtelijke contactpersoon (-personen) voor de participatieraad. Deze contactpersoon legt gevraagd en ongevraagd contact tussen de lokale participatieraad en de ambtelijke organisatie en zorgt er op die manier mede voor dat de werkwijze van de participatieraad zoals bedoeld in artikel 4 en het periodiek overleg als bedoeld in artikel 9 gerealiseerd wordt.,393,71
CVDR757980_1__art5.4__lid2,,CVDR757980,1,GM0523,kern,Hoofdstuk 5 Bijdrage > Paragraaf 5.2 Maatwerkvoorzieningen > Artikel 5.4 Bijdrage maatwerkvoorziening > lid 2,Hoofdstuk 5 Bijdrage,5.4,Bijdrage maatwerkvoorziening,2,,,,,,artikel,wmo,"2. De cliënt betaalt een bijdrage voor het gebruik van het collectief vervoer, die per rit bestaat uit:
a. een opstaptarief van € 1,12 en een kilometertarief van € 0,19 als de besproken aanvangstijd van de rit binnen de daluren ligt;
b. een opstaptarief van € 1,12 en een kilometertarief van € 0,27 als de besproken aanvangstijd van de rit buiten de daluren ligt.",363,94
CVDR639382_1__vrijetekst__15,,CVDR639382,1,GM0335,kern,Beschikbaarheid ouder/verzorger vanwege werk,,,Beschikbaarheid ouder/verzorger vanwege werk,,,,,,,artikel,beide,"Voor zover gebruikelijke persoonlijke verzorging bij jeugdigen van niet uitstelbare aard is en de ouder of verzorger/opvoeder niet beschikbaar is wegens werk, valt dit niet onder gebruikelijke hulp. Van de ouder kan dan niet worden verwacht dat hij die taken op zich neemt.",273,15
CVDR724950_4__art3.7__lid2,,CVDR724950,4,GM1961,kern,Deel 3 Nadere regels Jeugdhulp > 3. Voorzieningen > Artikel 3.7 Aanvullende criteria voorziening (Jeugd) - gebruikelijke- en boven gebruikelijke hulp > lid 2,Deel 3 Nadere regels Jeugdhulp,3.7,Aanvullende criteria voorziening (Jeugd) - gebruikelijke- en boven gebruikelijke hulp,2,,,,,,artikel,jeugd,2. Alleen in langdurige zorgsituaties kan sprake zijn van boven-gebruikelijke hulp waarvoor het college Jeugdhulp kan inzetten.,127,64
CVDR701459_1__art4__lid19,,CVDR701459,1,GM0160,kern,Artikel 4 Algemene voorwaarden pré-mantelzorgwoning > lid 19,,4,Algemene voorwaarden pré-mantelzorgwoning,19,,,,,,artikel,wmo,"19. De tijdelijke omgevingsvergunning voor een (pré-)mantelzorgwoning is persoonsgebonden, dat wil zeggen dat voor iedere wijziging van zorgverlener(s) of zorgontvanger(s) een nieuwe omgevingsvergunning moet worden aangevraagd bij het college;",243,24
CVDR723365_1__art5,,CVDR723365,1,GM0383,kern,Hoofdstuk 2 Eigen kracht en Gebruikelijke Hulp > Artikel 5 Uitzonderingen op het bieden van Gebruikelijke hulp,Hoofdstuk 2 Eigen kracht en Gebruikelijke Hulp,5,Uitzonderingen op het bieden van Gebruikelijke hulp,,,,,,,artikel,beide,"In een aantal situaties waarbij er sprake is van een 'duurzaam huishouden' kan het College afwijken van het principe van 'Gebruikelijke hulp'. Dit zijn de volgende situaties:
a. Medisch geobjectiveerde aandoening",212,21
CVDR672513_3__art16__lid2,,CVDR672513,3,GM0537,kern,HOOFDSTUK 7 - OVERIGE BEPALINGEN > Artikel 16. Tegemoetkoming meerkosten personen met een beperking of chronische problemen > lid 2,HOOFDSTUK 7 - OVERIGE BEPALINGEN,16,Tegemoetkoming meerkosten personen met een beperking of chronische problemen,2,,,,,,artikel,wmo,"De tegemoetkoming voor:
a. taxikosten bedraagt jaarlijks: € 3.536,40;
b. rolstoeltaxikosten bedraagt jaarlijks: € 4.340,00;
c. een autokostenvergoeding bedraagt jaarlijks:€ 630,00;
d. verhuiskosten bedraagt: € 2.776,40;
e. aanschaf, inclusief reparatie en onderhoud van een sportrolstoel bedraagt maximaal € 3.021,00 voor een periode van minimaal 3 jaar.",354,59
CVDR733734_1__art12.3__lid2,,CVDR733734,1,GM0109,kern,"Hoofdstuk 12: Slotbepalingen > Artikel 12.3. Inwerkingtreding, overgangsrecht en citeertitel > lid 2",Hoofdstuk 12: Slotbepalingen,12.3,"Inwerkingtreding, overgangsrecht en citeertitel",2,,,,,,artikel,wmo,Deze verordening wordt aangehaald als: Verordening maatschappelijke ondersteuning gemeente Coevorden 2025.,106,138
CVDR441076_1__aanhef__1__deel4,CVDR441076_1__aanhef__1,CVDR441076,1,GM0086,kern,Aanhef > Artikel 3 	Verzoek om een voorziening in de vorm van een persoonsgebonden budget (PGB),,,,,,,,,,aanhef,wmo,"Verstrekking van een toegekende maatwerkvoorziening in de vorm van een PGB vindt plaats op verzoek van de belanghebbende, waarbij voldaan moet worden aan de voorwaarden zoals gesteld in de Wet maatschappelijke ondersteuning 2015 en de Verordening.
Hoofdstuk 2. 	Bepalingen rondom het verstrekken van een maatwerkvoorziening in de vorm van een PGB
Paragraaf 1:	Algemene voorwaarden en procedurele bepalingen
Definities:
Sociaal netwerk: zie artikel 1.1.1 lid 1 Wmo 2015.
Gekwalificeerd: In het bezit van de in de branche vastgestelde Basiscompetentieprofielen",558,1
CVDR737487_1__vrijetekst__142,,CVDR737487,1,GM0748,kern,13 Begrippen en afkortingen > Participatieverklaringstraject (PVT):,13 Begrippen en afkortingen,,Participatieverklaringstraject (PVT):,,,,,,,artikel,wmo,"bedoeld in artikel 6, eerste lid onder a van de Wet inburgering 2021.",69,142
CVDR725295_1__art14__lid1,,CVDR725295,1,GM0299,kern,Artikel 14 Inhoud beschikking > lid 1,,14,Inhoud beschikking,1,,,,,,artikel,wmo,Het college legt het besluit om wel of geen maatwerkvoorziening te verstrekken vast in een beschikking.,103,45
CVDR758928_1__aanhef__1__deel101,CVDR758928_1__aanhef__1,CVDR758928,1,GM0335,kern,"Aanhef > 2. Geeft de gemeente de hulp in natura, dan wordt in het besluit in ieder geval vastgelegd:",,,,,,,,,"[Jeugdwet, Wmo]; [Jeugdwet, Awb]; Wmo]; [Jeugdwet]; [Wmo]; [PW]; [PW]; [PW]; [Wmo, PW]; [PW]; [Wmo]; [Jeugdwet, Wmo, PW, IOAW, IOAZ, Awb]; [Jeugdwet, Wmo]; [Wmo]; [PW, IOAW, IOAZ, Awb]; [PW, IOAW, IOAZ, Awb]; [PW, IOAW, IOAZ]; [Jeugdwet, Wmo, PW, IOAW, IOAZ]; [Jeugdwet, Wmo, PW, IOAW, IOAZ]; [PW, IOAW, IOAZ]; [Jeugdwet, Wmo, PW, IOAW, IOAZ, Awb]; [Jeugdwet, Wmo]; IOAW; IOAZ; Wmo",aanhef,beide,"a. wat de hulp inhoudt en waarvoor de hulp bedoeld is
b. wanneer de hulp ingaat en hoe lang de hulp duurt
c. hoe en door wie de hulp wordt gegeven
d. welke voorwaarden en verplichtingen er voor de hulp gelden",208,1
CVDR636536_1__bijlage__52__deel5,CVDR636536_1__bijlage__52,CVDR636536,1,GM0375,kern,Bijlage > Artikel 4           Hoogte van het pgb voor huishoudelijke hulp,,,,,,,,,,bijlage,wmo,"Zoals in de verordening is aangegeven is de hoogte van het pgb-tarief voor hulp bij het huishouden afgeleid van de tarieven van de door de gemeente gecontracteerde aanbieders. Voor professionele ondersteuners, waaronder ook zzp-ers, zijn de tarieven vastgesteld op 100% van het laagst gecontracteerde tarief.
Het pgb-tarief bedraagt voor personen uit het sociaal netwerk bedraagt 75% van het tarief van de laagst gecontracteerde aanbieder.",439,52
CVDR722349_1__art26__lid1,,CVDR722349,1,GM1728,kern,Hoofdstuk 8: klachten en medezeggenschap > Artikel 26. Betrekken van inwoners bij het beleid > lid 1,Hoofdstuk 8: klachten en medezeggenschap,26,Betrekken van inwoners bij het beleid,1,,,,,,artikel,wmo,"Het college stelt inwoners, waaronder in ieder geval cliënten of hun vertegenwoordigers, vroegtijdig in de gelegenheid voorstellen voor het beleid betreffende maatschappelijke ondersteuning te doen, advies uit te brengen bij de besluitvorming over verordeningen en beleidsvoorstellen betreffende maatschappelijke ondersteuning en voorziet hen van ondersteuning om hun rol effectief te kunnen vervullen.",402,87
CVDR764778_1__art9,,CVDR764778,1,GM0889,kern,Hoofdstuk 3: Begeleiding > Artikel 9. Traject 1A: Volwassenen met een complexe of meervoudige ondersteuningsvraag,Hoofdstuk 3: Begeleiding,9,Traject 1A: Volwassenen met een complexe of meervoudige ondersteuningsvraag,,,,,,,artikel,wmo,"Traject 1A kent als enige een onderverdeling in twee delen: traject 1A1 en traject 1A2. De doelgroep is voor beide trajecten gelijk, maar traject 1A1 betreft de begeleiding en traject 1A2 de dagbesteding.",204,17
CVDR671075_3__art1.3__lid1,,CVDR671075,3,GM1959,kern,1 Inleiding > Artikel 1.3 Kernwaarden > lid 1,1 Inleiding,1.3,Kernwaarden,1,,,,,,artikel,wmo,1. Inwoners zijn in de eerste plaats zelf verantwoordelijk voor het realiseren van de genoemde doelen.,102,13
CVDR754878_1__art1:__lid1,,CVDR754878,1,GM1729,kern,Hoofdstuk 1. Algemene bepalingen > Artikel 1: Begripsbepalingen > lid 1,Hoofdstuk 1. Algemene bepalingen,1:,Begripsbepalingen,1,,,,,,begrippen,wmo,"1. algemeen gebruikelijke voorziening
: voorziening die niet speciaal is bedoeld voor mensen met een beperking en die algemeen verkrijgbaar is en niet of niet veel duurder is dan vergelijkbare producten en ook betaalbaar is voor mensen met een minimuminkomen;",259,3
CVDR643259_7__bijlage__96__deel61,CVDR643259_7__bijlage__96,CVDR643259,7,GM1669,kern,Bijlage > 10. Algemeen (activiteiten en -onderzoektijden),,,,,,,,,,bijlage,wmo,"Een optie is om te werken met een totaaltijd in uren per jaar: dan kun je meer flexibiliteit bieden aan aanbieder en cliënt om bijvoorbeeld in de zomer wat te minderen en een grote schoonmaak in het voorjaar in te bouwen of mee te bewegen met een variabele gezondheidstoestand van de cliënt. Dit is een nu (nog) niet algemeen gebruikelijke keuze.
Het kan wel handig zijn voor consulenten als zij een lijst met activiteiten en frequenties met de cliënt kunnen bespreken, zoals deze in de bijlagen van het Normenkader staan. Zodat er aan verwachtingenmanagement kan worden gedaan, omdat de cliënt een beeld krijgt van welke activiteiten nodig zijn voor het resultaat ‘schoon en leefbaar huis’ en welke frequentie gemiddeld genomen verwacht mag worden.
Puur om een idee te hebben van de orde van grootte, kunnen de consulenten de onderzoektijden uit het rapport van Utrecht een keer bekijken. We raden niet aan dit op cliëntniveau te doen, laat staan dit samen met de cliënt te doen.",980,96
CVDR710447_1__art9__lid6,,CVDR710447,1,GM0928,kern,Hoofdstuk 3: Aanvraag maatwerkvoorziening > Artikel 9. Voorwaarden en weigeringsgronden > lid 6,Hoofdstuk 3: Aanvraag maatwerkvoorziening,9,Voorwaarden en weigeringsgronden,6,,,,,,artikel,wmo,"Geen woonvoorziening wordt verstrekt:
a. als de beperkingen voortkomen uit de aard van de in de woning gebruikte materialen, de slechte staat van het onderhoud of de omstandigheid dat de woning niet voldoet aan de geldende wettelijke eisen;
b. als de cliënt zijn hoofdverblijf niet heeft of niet zal hebben in de woning waaraan de voorziening wordt getroffen;
c. ten behoeve van woonruimten die niet geschikt zijn voor permanente bewoning. Er kan dan wel een voorziening voor verhuizing en inrichting worden verstrekt;
d. als het om voorzieningen in gemeenschappelijke ruimten gaat, anders dan automatische deuropeners, hellingbanen, het verbreden van gemeenschappelijke toegangsdeuren, het aanbrengen van drempelhulpen of vlonders of het aanbrengen van een opstelplaats bij de toegangsdeur van de gemeenschappelijke ruimte.
e. als de noodzaak het gevolg is van een verhuizing waarvoor geen aanleiding was op grond van beperkingen bij de zelfredzaamheid of participatie en er geen belangrijke reden voor de verhuizing is;
f. als de cliënt niet is verhuisd naar de voor zijn beperkingen meest geschikte beschikbare woning, tenzij daarvoor vooraf schriftelijk toestemming is gegeven door het college;
g. als de voorziening in het geval van nieuwbouw of renovatie zonder noemenswaardige meerkosten meegenomen kan worden;
h. de woning naar verwachting binnen twee jaar wordt gesloopt.",1380,32
CVDR704017_1__vrijetekst__9,,CVDR704017,1,GM1859,kern,2. In deze regeling wordt verstaan onder: > Gebruiker,2. In deze regeling wordt verstaan onder:,,Gebruiker,,,,,,,artikel,wmo,Een mantelzorger in de zin van deze regeling die toegang heeft gekregen tot de mantelzorgregeling.,98,9
CVDR755077_1__art2.5.1__lid2,,CVDR755077,1,GM0441,kern,Hoofdstuk 2. Van melding tot besluit > 2.5 Uitzonderingen > Artikel 2.5.1 Ondersteuning jongeren via arts e.a. > lid 2,Hoofdstuk 2. Van melding tot besluit,2.5.1,Ondersteuning jongeren via arts e.a.,2,,,,,,artikel,wmo,"2. Wij zorgen voor de inzet van jeugdhulp die de rechter, het openbaar ministerie, de selectiefunctionaris, de inrichtingsarts of de directeur van de justitiële jeugdinrichting nodig achten bij de uitvoering van een strafrechtelijke beslissing of die de gecertificeerde instelling nodig acht bij de uitvoering van jeugdreclassering",331,51
CVDR720019_1__art4:__lid2,,CVDR720019,1,GM1740,kern,Artikel 4: Mantelzorgwaardering > lid 2,,4:,Mantelzorgwaardering,2,,,,,,artikel,wmo,"De mantelzorgwaardering moet jaarlijks door de zorgvrager zelf worden aangevraagd met behulp van een door het college van de gemeente Neder-Betuwe beschikbaar gesteld aanvraagformulier. Er is een digitaal formulier te vinden op de website van het Kernpunt Neder-Betuwe. Een fysiek exemplaar van het formulier kan worden opgevraagd bij Welzijn Rivierstroom, Mozaïek Welzijn of het Kernpunt Neder-Betuwe. Gedurende de aanvraag kan de zorgvrager aangever of hij/zij een financiële vergoeding (geldbedrag) of waardering in natura (voucher) wenst.",542,6
CVDR673127_3__art3.6,,CVDR673127,3,GM0893,kern,3. Maatwerkvoorziening: beoordeling aanspraak > Artikel 3.6 Goedkoopst adequate voorziening,3. Maatwerkvoorziening: beoordeling aanspraak,3.6,Goedkoopst adequate voorziening,,,,,,,artikel,wmo,"Het college verstrekt, naar objectieve maatstaven gemeten, van de adequate voorzieningen de goedkoopst passende voorziening (artikel10, lid 1a van de verordening). Indien de cliënt een duurdere voorziening wil (die eveneens adequaat is) komen de meerkosten van die duurdere voorziening voor rekening van de cliënt.
Een voorziening kan ook bestaan uit een tegemoetkoming voor meerkosten, als gevolg van de beperking ten opzichte van algemeen gebruikelijke kosten die iemand voor de noodzakelijke voorziening moet maken. Voorbeelden hiervan zijn een auto of fiets met (specifiek vanwege de beperking noodzakelijke) aanpassingen. Een auto of fiets is algemeen gebruikelijk, dus de kosten hiervoor (normbedragen) zoals vastgesteld door het NIBUD) worden niet vergoed.",763,38
CVDR735330_1__bijlage__101__deel5,CVDR735330_1__bijlage__101,CVDR735330,1,GM0858,kern,Bijlage > 10 m2,,,,,,,,,,bijlage,wmo,"4 m2
Eenpersoons slaapkamer",27,101
CVDR640299_1__art2__lid1,,CVDR640299,1,GM0417,kern,Artikel 2. Doelstelling > lid 1,,2,Doelstelling,1,,,,,,artikel,wmo,"Het doel van de adviesraad is om het college gevraagd en ongevraagd te adviseren in beleidsaangelegenheden en ontwikkelingen in het sociaal domein dat bestaat uit de gebieden maatschappelijke ondersteuning, jeugdhulp en participatie.",233,3
CVDR699991_3__vrijetekst__136,,CVDR699991,3,GM0163,kern,(op grond van de normen uit het CIZ protocol),,,(op grond van de normen uit het CIZ protocol),,,,,,,artikel,wmo,"Activiteiten
Maximale tijdbesteding per week (minuten)
Boodschappen samenstellen
60
Boodschappen inkopen
Boodschappen opslaan
Factoren voor meer hulp
Leefeenheid > 4 personen
60
Kind(eren) < 12 jaar
60
Afstand tot dichtstbijzijnde winkel is > 2 km
30",250,136
CVDR753049_1__art7.5.2.2__lid2,,CVDR753049,1,GM1586,kern,7. Inkomen en schulden > 7.5 Meedoenregeling > Artikel 7.5.2.2 Participatieregeling voor kinderen van 0-18 jaar > lid 2,7. Inkomen en schulden,7.5.2.2,Participatieregeling voor kinderen van 0-18 jaar,2,,,,,,artikel,wmo,Deze activiteiten of producten kunnen worden uitgezocht in de meedoenapplicatie van Fijnder. Nadat een activiteit of product is uitgezocht krijgt de inwoner een voucher die kan worden gescand bij betaling van de activiteit. Fijnder betaalt de vergoeding hiermee rechtstreeks aan de organisatie of persoon die de activiteit aanbiedt.,332,274
CVDR636424_3__bijlage__44__deel29,CVDR636424_3__bijlage__44,CVDR636424,3,GM0762,kern,Bijlage > 8. Verwachting ontwikkeling situatie cliënt (wat is er mogelijk?):,,,,,,,,,Wmo 2015,bijlage,wmo,De situatie van de cliënt richting de toekomst met inzet van ondersteuning: gaat achteruit/blijft stabiel/verbetert.,116,44
CVDR749349_1__art26__lid1,,CVDR749349,1,GM0944,kern,"Hoofdstuk 6 Controle, toezicht en handhaving > Paragraaf 6.2 Onderzoeksfase > Artikel 26. Toezicht > lid 1","Hoofdstuk 6 Controle, toezicht en handhaving",26,Toezicht,1,,,,,,artikel,beide,1. Het college ziet toe op de naleving van de bij of krachtens de wet gestelde regels en op basis daarvan opgestelde overeenkomsten.,132,130
CVDR746593_1__art4.7__lid1,,CVDR746593,1,GM0796,kern,Hoofdstuk 4 Beoordeling van de aanspraak > Artikel 4.7 Criteria vrouwenopvang > lid 1,Hoofdstuk 4 Beoordeling van de aanspraak,4.7,Criteria vrouwenopvang,1,,,,,,artikel,wmo,"1. Onverminderd de wet en het elders in deze verordening is bepaald kan een inwoner in aanmerking komen voor de vrouwenopvang als die:
a. slachtoffer is van geweld in huiselijke kring, dan wel slachtoffer is van mensenhandel, en vanwege aspecten van veiligheid de thuissituatie moet verlaten, of indien er sprake is van kindermishandeling en opvang van kind(eren) met de beschermende ouder/verzorger in de opvang noodzakelijk is; en
b. 18 jaar of ouder is, al dan niet met kinderen; en
c. geen mogelijkheid heeft om zelf, al dan niet met gebruikmaking van het eigen sociale netwerk of door interventie van derden een veilige situatie te creëren, of in alternatieve huisvesting te voorzien.",689,30
CVDR753065_1__tekst__16__deel4,CVDR753065_1__tekst__16,CVDR753065,1,GM0356,kern,1. Maatschappelijke opgaven > 1.1 Maatschappelijke trends en lokale ontwikkelingen > deel 4,1. Maatschappelijke opgaven,,,,,,,,,artikel,wmo,"• Bestaanszekerheid onder druk:
een toenemend aantal inwoners ervaart een bepaalde mate van bestaansonzekerheid. Zorgen om bestaanszekerheid heeft ingrijpende gevolgen op alle leefgebieden. Mensen met financiële problemen ervaren vaak meer stress. Dit schaadt hun gezondheid en versterkt hun sociale isolatie. Gebrek aan middelen kan leiden tot een ongezonde leefstijl, waarbij inwoners minder gaan bewegen of noodzakelijke zorg gaan mijden. In wijken met inwoners met veel financiële zorgen zien we meer eenzaamheid, inzet van hulp en langdurige gezondheidsproblemen.
• Verschuivende sociale dynamiek en toegenomen aandacht voor inclusie
: De sociale dynamiek in Nederland is de afgelopen jaren sterk veranderd door onder andere globalisering, digitalisering en een groeiend bewustzijn van diversiteit en inclusie. Hierbij staan maatschappelijke thema’s als gelijkheid en gelijke kansen centraal. In het publieke debat spelen discussies over identiteit en gelijkwaardigheid een steeds grotere rol, zowel online als offline. Het taalgebruik is verhard en uitingen in de samenleving worden steeds vaker als kwetsend ervaren. Dit heeft invloed op het gevoel van veiligheid binnen diverse groepen.
Hoe gaat het in onze stad?",1221,16
CVDR749403_1__art8__lid5,,CVDR749403,1,GM0394,kern,HOOFDSTUK 4 VERGADERINGEN EN WERKWIJZE > Artikel 8. Vergaderingen > lid 5,HOOFDSTUK 4 VERGADERINGEN EN WERKWIJZE,8,Vergaderingen,5,,,,,,artikel,wmo,De Participatieraad is verplicht tot geheimhouding van stukken totdat de stukken openbaar zijn. Deze geheimhoudingsplicht strekt zich ook uit tot derden die worden geconsulteerd.,178,36
CVDR746095_1__art37__lid1,,CVDR746095,1,GM0153,kern,Hoofdstuk 12. Overgangsrecht en slotbepalingen > Artikel 37. Intrekking voorgaande verordening en overgangsrecht > lid 1,Hoofdstuk 12. Overgangsrecht en slotbepalingen,37,Intrekking voorgaande verordening en overgangsrecht,1,,,,,,artikel,wmo,De Verordening Jeugdhulp en Maatschappelijke ondersteuning Enschede 2024 wordt ingetrokken met ingang van 1 januari 2026,120,146
CVDR757141_1__art46__lid2,,CVDR757141,1,GM1892,kern,Hoofdstuk 4: Persoonsgebonden budget (pgb) > Artikel 46. Bepalingen om in aanmerking te komen voor een pgb > lid 2,Hoofdstuk 4: Persoonsgebonden budget (pgb),46,Bepalingen om in aanmerking te komen voor een pgb,2,,,,,,artikel,wmo,"Als een cliënt in aanmerking komt voor een zorg gerelateerde dienst op basis van een pgb, dan is de cliënt verplicht om ten behoeve van de beoordeling van de aanvraag een budgetplan in te dienen. De cliënt dient daarbij gebruik te maken van een door het college vastgesteld format. In het budgetplan dient gemotiveerd te worden:
a. welke zorg er met het pgb wordt ingekocht;
b. waarom hij de maatwerkvoorziening in het kader van de Wmo 2015 als een pgb wenst geleverd te krijgen of waarom hij een maatwerkvoorziening in het kader van de Jeugdwet in natura niet passend acht;
c. waarom hij op eigen kracht voldoende in staat is tot een redelijke waardering van de belangen terzake, dan wel met hulp uit zijn sociale netwerk dan wel met een curator, bewindvoerder, mentor of gemachtigde, gecertificeerde instelling of aanbieder van gesloten jeugdhulp voldoende in staat is de aan het pgb verbonden taken op verantwoorde wijze uit te voeren. Desgevraagd onderbouwt de budgethouder dit met bewijsstukken;
d. hoe de zorg wordt vormgegeven;
e. hoe naar zijn mening gewaarborgd is dat de maatwerkvoorziening veilig, doeltreffend, van goede kwaliteit en cliëntgericht is. Daarbij is in elk geval van belang dat wanneer degene die de diensten verleent in contact kan komen met personen die jonger zijn dan achttien jaar, voor aanvang van de dienstverlening over een actuele verklaring omtrent het gedrag beschikt als bedoeld in
artikel 28 van de Wet justitiële en strafvorderlijke
gegevens, met uitzondering van bloedverwanten in de eerste en tweede graad en degenen die incidentele ondersteuning bieden;
f. hoe hij de voorziening volgens een begroting dan wel een offerte wenst te financieren.",1685,186
CVDR763821_1__art,,CVDR763821,1,GM1735,kern,HOOFDSTUK 9 ONDERSTEUNING GERICHT OP HET VERVOER IN DE EIGEN LEEFOMGEVING > Artikel  Artikel 9.2 Criteria vervoervoorziening,HOOFDSTUK 9 ONDERSTEUNING GERICHT OP HET VERVOER IN DE EIGEN LEEFOMGEVING,,Artikel 9.2 Criteria vervoervoorziening,,,,,,,artikel,wmo,"1. Beperkingen bij het verplaatsen in de eigen leefomgeving worden aanwezig geacht als de cliënt het openbaar vervoer niet kan bereiken of niet kan gebruiken.
2. Het college kan ter beoordeling hiervan nadere regels opstellen.",226,28
CVDR753116_1__art6.8.1__deel2,CVDR753116_1__art6.8.1,CVDR753116,1,GM1774,kern,6 Huishoudelijke ondersteuning > 6.8 Algemene voorziening > Artikel 6.8.1 Was- en strijkservice > deel 2,6 Huishoudelijke ondersteuning,6.8.1,Was- en strijkservice,,,,,,,artikel,wmo,"Passende oplossing
De algemene voorziening was- en strijkservice wordt in de volgende situaties in ieder geval als passende oplossing aangemerkt:
• Als het doen van de was als uitstelbare taak kan worden aangemerkt.
• Er een mogelijkheid is voor het:
- aanbieden van de was in de daarvoor bestemde waszak. Hiermee wordt ook de situatie bedoeld dat de aangeboden was met hulp in de waszak bij de voordeur wordt neergezet en even kan blijven staan tot het moment dat de aanbieder de was ophaalt;
- aannemen of opruimen van de was. Hiermee wordt de situatie bedoeld dat de opgevouwen was even in huis kan blijven staan tot er hulp beschikbaar is om de was op te ruimen.
Geen passende oplossing
De algemene voorziening was- en strijkservice is niet geschikt als:
• sprake is van frequent optredende incontinentie en aannemelijk is dat het gebruik van incontinentiemateriaal geen afdoende oplossing is,
• de cliënt gebruik maakt van zalven op grond waarvan een hoge hygiëne noodzakelijk is vanwege infectiegevaar (CRVB:2019:982),
• het aantal noodzakelijke wasbeurten een omstandigheid is dat het geen passende oplossing is. In de praktijk kan dat te maken hebben met jonge kinderen.
In zulke gevallen kan de was mogelijk niet (een week) blijven liggen. Het gaat dan in zo’n situatie om een niet-uitstelbare taak. Er zijn meer voorbeelden denkbaar.",1343,105
CVDR718969_1__art9__lid1,,CVDR718969,1,GM0678,kern,Artikel 9. Inhoud beschikking > lid 1,,9,Inhoud beschikking,1,,,,,,artikel,wmo,In de beschikking tot verstrekking van een maatwerkvoorziening wordt in ieder geval aangegeven of deze als voorziening in natura of als pgb wordt verstrekt en wordt tevens aangegeven hoe bezwaar tegen de beschikking kan worden gemaakt.,235,35
CVDR721432_1__art9__lid3__deel2,CVDR721432_1__art9__lid3,CVDR721432,1,GM0766,kern,Hoofdstuk 3: Aanvraag maatwerkvoorziening > Artikel 9. Voorwaarden en weigeringsgronden > lid 3 > deel 2,Hoofdstuk 3: Aanvraag maatwerkvoorziening,9,Voorwaarden en weigeringsgronden,3,,,,,,artikel,wmo,"e. als deze niet hoofzakelijk op het individu is gericht;
f. als de voorziening niet noodzakelijk was geweest wanneer de cliënt rekening had gehouden met bestaande en bekende beperkingen en de te verwachten ontwikkelingen daarvan;
g. als de cliënt een indicatie heeft voor zorg met verblijf op grond van de Wet langdurige zorg of er redenen zijn om aan te nemen dat de cliënt daarvoor in aanmerking komt, maar weigert mee te werken aan het verkrijgen van een besluit hierover, tenzij artikel 8.6a van de wet van toepassing is;",526,29
CVDR61128_1__art6__lid3,,CVDR61128,1,GM0342,kern,Hoofdstuk 2. Vorm van te verstrekken individuele voorzieningen. > Artikel 6. Persoonsgebonden budget. > lid 3,Hoofdstuk 2. Vorm van te verstrekken individuele voorzieningen.,6,Persoonsgebonden budget.,3,,,,,,artikel,wmo,Bij de beschikking wordt een program van eisen verstrekt waarin aangegeven is aan welke vereisten de met het persoonsgebonden budget te verwerven voorziening dient te voldoen.,175,11
CVDR348301_3__art3__lid4,,CVDR348301,3,GM0034,kern,Artikel 3. Samenstelling > lid 4,,3,Samenstelling,4,,,,,,artikel,wmo,"De zittingsduur van de leden bedraagt 4 jaar. Leden die toetreden, worden benoemd voor een periode van 4 jaar. Een lid kan slechts één keer worden herbenoemd na sollicitatie op voordracht van het Breed Overleg +.",212,7
CVDR753666_1__art6.2__lid3,,CVDR753666,1,GM1680,kern,HOOFDSTUK 6: BIJDRAGE IN DE KOSTEN > Artikel 6.2 Procedure van inning eigen bijdrage > lid 3,HOOFDSTUK 6: BIJDRAGE IN DE KOSTEN,6.2,Procedure van inning eigen bijdrage,3,,,,,,artikel,beide,Het CAK stuurt een definitieve beschikking naar de inwoner.,59,252
CVDR681715_1__art4.2__lid4,,CVDR681715,1,GM1709,kern,Hoofdstuk 4 Tarieven > Artikel 4.2 Tarieven huishoudelijke ondersteuning > lid 4,Hoofdstuk 4 Tarieven,4.2,Tarieven huishoudelijke ondersteuning,4,,,,,,artikel,wmo,"4. Het tarief welke het College verschuldigd is aan de (gecontrateerde) aanbieders voor huishoudelijke ondersteuning voor maaltijden bedraagt:
a. warme maaltijden: € 213,15 per maand;
b. 1 t/m 5 broodmaaltijden: € 106,58 per maand;
c. 6 t/m 10 broodmaaltijden: € 213,16 per maand.
Als er sprake is van huishoudelijke ondersteuning plus:
a. warme maaltijden: € 234,90 per maand;
b. 1 t/m 5 broodmaaltijden: € 117,45 per maand;
c. 6 t/m 10 broodmaaltijden: € 234,90 per maand.",474,29
CVDR720037_1__toelichting_artikel__168,,CVDR720037,1,GM0995,kern,Toelichting > Artikel 17 > Lid 2,,17,,,Lid 2,Lid 2,17,nummer,,toelichting_artikel,wmo,"In deze bepaling is het tarief vastgelegd voor formele hulp, zoals volgt uit artikel 16. Het tarief wordt bepaald aan de hand van de zorg in natura-tarieven, tenzij uit het budgetplan blijkt dat de hulp voor een lager tarief ingekocht kan worden. Dan mag uitgegaan worden van dit lagere tarief.",294,168
CVDR742258_1__art2.5__lid1,,CVDR742258,1,GM0498,kern,Hoofdstuk 2 Toegang > Artikel 2.5 Het onderzoek > lid 1,Hoofdstuk 2 Toegang,2.5,Het onderzoek,1,,,,,,artikel,wmo,"Het college verzamelt alle voor het onderzoek, bedoeld in artikel 2.3.2, eerste lid, van de wet, van belang zijnde en toegankelijke gegevens over de inwoner en zijn situatie. Zo nodig wordt de inwoner gevraagd alle gegevens en bescheiden die naar het oordeel van het college hiervoor nodig zijn en waarover de inwoner op dat moment redelijkerwijs de beschikking kan krijgen, ter beschikking te stellen aan het college.",418,12
CVDR735534_1__tekst__32__deel8,CVDR735534_1__tekst__32,CVDR735534,1,GM0779,kern,Beoordeling van de te bereiken resultaten > 3.1. Resultaat: wonen in een geschikt huis > 3.1.7. Afwegingsfactoren primaat verhuizen,Beoordeling van de te bereiken resultaten,,,,,,,,,artikel,wmo,"Voordat het primaat van verhuizen wordt opgelegd, onderzoekt de consulent de volgende punten:
De medische situatie van de inwoner. Om inzicht te krijgen in de medische situatie van
de inwoner kan, indien nodig, een medisch advies aangevraagd worden. De medisch adviseur objectiveert de aandoening en de progressie ervan. Tevens kan bepaald worden of verhuizen medisch gezien verantwoord is en binnen welke termijn verhuizen medisch gezien noodzakelijk is.
De mate van professionele zorg die de inwoner nodig heeft en in relatie hiermee ook de aanwezigheid en de mate van afhankelijkheid van mantelzorgers in de nabije omgeving.
De beschikbaarheid van de benodigde mantelzorg in de nieuwe woonsituatie.
De bereikbaarheid van voorzieningen.
De binding aan de woonplaats.
Welke voorzieningen, al dan niet via de Wmo, zijn er aanwezig en is verhuizen gezien de aanwezigheid van deze voorzieningen mogelijk?
Wat zijn de financiële consequenties voor de inwoner?",956,32
CVDR746311_1__bijlage__5__deel76,CVDR746311_1__bijlage__5,CVDR746311,1,GM0599,kern,Bijlage > 3. In gesprek;,,,,,,,,,Wmo; Wmo; Wmo; Wmo,bijlage,wmo,"■ De verantwoorde inzet en begeleiding stagiaires;
■ Het monitoren en bijsturen van de kwaliteit van ondersteuning door beroepskrachten, vrijwilligers of stagiaires.
4.4
Er zijn voldoende mogelijkheden voor beroepskrachten om over hun werkzaamheden en knelpunten te reflecteren of te escaleren.
Binnen de organisatie worden overleggen of intervisiemomenten georganiseerd.
5. De voorziening wordt verstrekt met respect voor en inachtneming van de rechten van de cliënt (art. 3.1, tweede lid sub d, Wmo)
Samenvatting
De bejegening door de beroepskracht is passend en correct. De gemeente heeft een klachtenregeling, bezit over gedragscodes en burgers kunnen deelnemen in een platform voor cliëntvertegenwoordiging. Gegevensuitwisseling van (gevoelige) persoonsinformatie vindt plaats met instemming van de aanvrager (en/of diens sociale netwerk) en conform geldende wet- en regelgeving. De cliënttevredenheid wordt gemonitord en bijgestuurd.
5.1
Burgers krijgen informatie over rechten en plichten bij toekenning van zorg en ondersteuning.
■ Aanvragers worden vriendelijk en professioneel bejegend;
■ Aanvragers zijn bekend met hun rechten en plichten.
5.2
De bejegening van de cliënt door de beroepskracht is passend en correct.",1227,5
CVDR735260_1__art6.3.1__lid3,,CVDR735260,1,GM1904,kern,6 Vorm en hoogte van de hulp > 6.3 Persoonsgebonden budget (pgb) > Artikel 6.3.1 Voorwaarden pgb > lid 3,6 Vorm en hoogte van de hulp,6.3.1,Voorwaarden pgb,3,,,,,,artikel,beide,"De inwoner maakt een plan voor de besteding van het pgb. Dit is het pgb-budgetplan. Hierin staat:
a. welke hulp de inwoner met het pgb wil betalen;
b. de kosten van de hulp, uitgedrukt in omvang en hoogte van het tarief;
c. door wie de hulp wordt gegeven en hoe de hulp georganiseerd wordt;
d. hoe de kwaliteit wordt gewaarborgd.",329,93
CVDR738057_1__art23__lid1,,CVDR738057,1,GM0453,kern,Hoofdstuk 5 Slot- en overgangsbepalingen > Artikel 23 Intrekking oude nadere regels en overgangsbepalingen > lid 1,Hoofdstuk 5 Slot- en overgangsbepalingen,23,Intrekking oude nadere regels en overgangsbepalingen,1,,,,,,artikel,wmo,1. ‘De Nadere regels maatschappelijk ondersteuning gemeente Velsen 2024’ worden per 1 januari 2025 ingetrokken.,111,43
CVDR719373_1__art7.2__lid3,,CVDR719373,1,GM0226,kern,"Hoofdstuk 7: Mantelzorgers, klachten en medezeggenschap > Artikel 7.2. Klachtregeling > lid 3","Hoofdstuk 7: Mantelzorgers, klachten en medezeggenschap",7.2,Klachtregeling,3,,,,,,artikel,wmo,Onverminderd andere handhavingsbevoegdheden ziet het college toe op de naleving van de klachtregelingen van aanbieders door periodieke overleggen met de aanbieders en een jaarlijks cliëntervaringsonderzoek.,206,242
CVDR723118_1__vrijetekst__60,,CVDR723118,1,GM1963,kern,HOOFDSTUK 3 Beoordeling aanspraak > Lid 1 onder b,HOOFDSTUK 3 Beoordeling aanspraak,,Lid 1 onder b,,,,,,,artikel,wmo,"Het College is in voorkomende gevallen slechts gehouden de naar objectieve maatstaven gemeten goedkoopst passende bijdrage te bieden. Deze voorwaarde komt overeen met de ‘goedkoopst compenserende voorziening’ zoals dat in de Wmo 2007 wordt gehanteerd. Maatwerkvoorzieningen die kostenverhogend werken zonder dat zij de maatwerkvoorziening passender maken, komen in principe niet voor toekenning in aanmerking.",409,60
CVDR346055_1__toelichting_artikel__102,,CVDR346055,1,GM1729,kern,Toelichting > Artikel 7 > Lid 3 noemt in deze het voor een PGB basis geldend budget,,7,,,Lid 3 noemt in deze het voor een PGB basis geldend budget,Lid 3 noemt in deze het voor een PGB basis geldend budget,7,nummer,,toelichting_artikel,wmo,Lid 4 noemt in deze het voor een PGB plus geldend budget.,57,102
CVDR719373_1__art3.5.2__lid4,,CVDR719373,1,GM0226,kern,Hoofstuk 3: Criteria maatwerkvoorzieningen > Paragraaf 3.5. Criteria beschermd wonen > Artikel 3.5.2. Criteria intramuraal beschermd wonen basis > lid 4,Hoofstuk 3: Criteria maatwerkvoorzieningen,3.5.2,Criteria intramuraal beschermd wonen basis,4,,,,,,artikel,wmo,De ondersteuning wordt geboden door een vast team van professionals met een afgeronde opleiding op mbo-4 richting Zorg en Welzijn en/of afgeronde opleiding op hbo-niveau richting Zorg en Welzijn. Daarbij is minimaal één professional met een afgeronde relevante opleiding op hbo-niveau richting Zorg en Welzijn betrokken die de regie voert over de ondersteuning en die in geval van op- en afschaling kan signaleren de noodzaak van opschaling en mogelijkheid van afschaling kan vaststellen.,488,89
CVDR720037_1__toelichting_artikel__177,,CVDR720037,1,GM0995,kern,Toelichting > Artikel 20 > Lid 5,,20,,,Lid 5,Lid 5,20,nummer,,toelichting_artikel,wmo,De bijdrage in de kosten voor een maatwerkvoorziening in natura of een pgb wordt voor de gemeente geïnd door het CAK. Voor de bijdrage in de kosten voor opvang geldt een uitzondering (artikel 2.1.4 lid 6 van de wet). Hiervoor moet de gemeenteraad in de verordening een instantie aanwijzen die de bijdrage int. De zorgaanbieders zijn verantwoordelijk om de eigen bijdrage voor de maatschappelijke opvang te innen.,412,177
CVDR361397_9__toelichting_algemeen__230,,CVDR361397,9,GM0626,kern,Toelichting > Algemeen > Beëindiging,,,,,Beëindiging,,,geen,,toelichting_algemeen,wmo,"Er wordt gesproken van beëindiging als de inwerkingtreding van het besluit ingaat vanaf het heden of naar de toekomst toe. Beëindiging heeft dus, in tegenstelling tot een herziening/intrekking, geen terugwerkende kracht. Er worden voorbeelden genoemd wanneer het college kan overgaan tot beëindiging van de maatwerkvoorziening dan wel persoonsgebonden budget.",359,230
CVDR693366_8__art31__lid1,,CVDR693366,8,GM1884,kern,Hoofdstuk 5 Specifieke bepalingen Wmo > Paragraaf 5.2 Mantelzorgwaardering > Artikel 31a. Financiële tegemoetkoming meerkosten afval > lid 1,Hoofdstuk 5 Specifieke bepalingen Wmo,31,Financiële tegemoetkoming meerkosten afval,1,,,,,,artikel,wmo,Het college kan een financiële tegemoetkoming verstrekken aan inwoners die aantoonbaar onvermijdbare meerkosten hebben door het aanbieden van extra huishoudelijke afvalstoffen als gevolg van een chronische ziekte of beperking.,226,94
CVDR755077_1__art3.7.3.1__lid1,,CVDR755077,1,GM0441,kern,Hoofdstuk 3. Werk en Participatie > 3.7 Vervoer naar school > Artikel 3.7.3.1 > lid 1,Hoofdstuk 3. Werk en Participatie,3.7.3.1,,1,,,,,,artikel,wmo,"1. Wij verstrekken een tegemoetkoming, als aan de volgende voorwaarden is voldaan:
a. uw kind op 1 augustus van het schooljaar, minimaal 4 jaar oud is, of minimaal 3 jaar oud bij doofheid of slechthorendheid bij speciaal onderwijs;
b. uw kind in de gemeente Schagen verblijft;
c. uw kind naar de basisschool of een speciale school voor basisonderwijs, bedoeld in de Wet op primair onderwijs, dan wel naar een school voor speciaal onderwijs, bedoeld in de Wet op expertisecentra, gaat;
d. de dichtstbijzijnde toegankelijke school die bij uw kind past en waar plaats is, meer dan 6 kilometer van de woning waar uw kind verblijft, afligt.",635,146
CVDR700120_1__art__lid1,,CVDR700120,1,GM0180,kern,Hoofdstuk 4 Beleid > Artikel > lid 1,Hoofdstuk 4 Beleid,,,1,,,,,,artikel,wmo,"1. De oppervlakte mag maximaal 100 m2 zijn. Deze oppervlakte gaat niet ten koste van de normale mogelijkheden voor bijgebouwen. Dat zijn immers permanente bouwwerken, terwijl de mantelzorgwoonruimte per definitie tijdelijk zijn. De oppervlakte van 100 m2 sluit aan bij de regeling voor het buitengebied. Dit is een ruime maat (ter vergelijking: een recreatiewoning heeft een oppervlakte van 60 m2).",398,10
CVDR752531_1__art3.2__lid1,,CVDR752531,1,GM0222,kern,Hoofdstuk 3 – Zelfredzaamheid en Participatie (Wmo) > Artikel 3.2 Algemene weigeringsgronden ten aanzien van een maatwerkvoorziening > lid 1,Hoofdstuk 3 – Zelfredzaamheid en Participatie (Wmo),3.2,Algemene weigeringsgronden ten aanzien van een maatwerkvoorziening,1,,,,,,artikel,wmo,"Geen aanspraak op een maatwerkvoorziening bestaat:
a. als het redelijk is van de cliënt te verlangen om zelf of met hulp van anderen voor een passende oplossing te zorgen voor de beperkingen/problemen die er zijn wat betreft de zelfredzaamheid/participatie of gezond en veilig opvoeden/opgroeien;
b. als tot de leefeenheid van de cliënt een of meer personen behoren die gebruikelijke hulp kunnen verlenen;
c. als de behoefte aan maatschappelijke ondersteuning of jeugdhulp kan worden opgelost of verminderd door gebruik te maken van algemene, algemeen gebruikelijke of voorliggende voorzieningen;
d. als aan de zijde van de cliënt geen sprake is van aantoonbare meerkosten in vergelijking met de situatie voorafgaand aan zijn behoefte aan maatschappelijke ondersteuning of jeugdhulp.",783,84
CVDR668676_1__vrijetekst__75,,CVDR668676,1,GM0096,kern,5.3.1 Kortdurend Verblijf Basis ‘met aandacht’,,,5.3.1 Kortdurend Verblijf Basis ‘met aandacht’,,,,,,,artikel,wmo,"Gedurende een etmaal (24 uur) verblijft de cliënt in een zorginstelling waarbij geen begeleiding bij de persoonlijke verzorging nodig is. De aanvulling ‘met aandacht’ geeft aan dat er in dit geval vaak wel enige mate van toezicht nodig is: een aanspreekpunt, iemand die een oogje in het zeil houdt, en die in voorkomende gevallen de cliënt even gerust kan stellen en/of een praatje maakt. Deze ‘met aandacht’ is de extra toevoeging die anders door de Mantelzorger wordt gedaan en is qua ondersteuning te vergelijken met de Maatwerkvoorziening Individuele Begeleiding Basis.",573,75
CVDR347534_1__art8__lid1,,CVDR347534,1,GM0748,kern,HOOFDSTUK 2. > Artikel 8. Besteding persoonsgebonden budget > lid 1,HOOFDSTUK 2.,8,Besteding persoonsgebonden budget,1,,,,,,artikel,wmo,"Het pgb dient na verzending van het besluit uitsluitend te worden besteed aan de inkoop van een maatwerkvoorziening:
a. Welke voldoet aan het in het besluit opgestelde programma van eisen, en
b. Welke voldoet aan de in artikel 15, lid 1 en lid 2 van de verordening gestelde eisen, en
c. Waarmee de te bereiken resultaten worden behaald.",336,28
CVDR753116_1__art4.5.2__lid1,,CVDR753116,1,GM1774,kern,4 Gebruikelijke hulp > 4.5 Beoordelingskader gebruikelijke hulp > Artikel 4.5.2 Overige taken of activiteiten > lid 1,4 Gebruikelijke hulp,4.5.2,Overige taken of activiteiten,1,,,,,,artikel,wmo,1. De aard en de omvang van de ondersteuningsbehoefte van de cliënt.,68,78
CVDR754878_1__art1:__lid9,,CVDR754878,1,GM1729,kern,Hoofdstuk 1. Algemene bepalingen > Artikel 1: Begripsbepalingen > lid 9,Hoofdstuk 1. Algemene bepalingen,1:,Begripsbepalingen,9,,,,,,begrippen,wmo,"9. gesprek
: gesprek in het kader van het onderzoek als bedoeld in artikel 2.3.2, eerste lid, van de wet;",105,11
CVDR753155_1__art41__lid1,,CVDR753155,1,GM0351,kern,Hoofdstuk 6 Specifieke bepalingen Participatiewet > Paragraaf 6.1 Re-integratie > Artikel 41b. Specifiek aanvraagproces loonkostensubsidie > lid 1,Hoofdstuk 6 Specifieke bepalingen Participatiewet,41,Specifiek aanvraagproces loonkostensubsidie,1,,,,,,artikel,wmo,"Het college verstrekt overeenkomstig artikel 10d, van de wet, ambtshalve of op aanvraag, loonkostensubsidie aan de werkgever die een dienstbetrekking aan gaat met een persoon die behoort tot de doelgroep loonkostensubsidie. In geval van een aanvraag zijn het tweede tot en met het vijfde lid van dit artikel van toepassing.",323,246
CVDR699324_3__art6__lid1,,CVDR699324,3,GM0246,kern,Artikel 6 Maatwerkvoorziening zich lokaal kunnen verplaatsen > lid 1,,6,Maatwerkvoorziening zich lokaal kunnen verplaatsen,1,,,,,,artikel,beide,"Als ondersteuning noodzakelijk is voor de zelfredzaamheid en participatie van een inwoner zal allereerst gekeken worden waaruit de vervoersbehoefte van de belanghebbende bestaat. Het analyseren van het verplaatsingsgedrag (waarom, waarheen, frequentie, wijze van verplaatsen) vormt de input voor de vervoersbehoefte. Dit betekent niet dat iedere wens gehonoreerd wordt. Er wordt een afweging gemaakt tussen de vervoersbehoefte en de goedkoopst adequate oplossing.",463,28
CVDR684411_4__art15__lid1,,CVDR684411,4,GM1979,kern,Artikel 15. Meldingsregeling calamiteiten en geweld > lid 1,,15,Meldingsregeling calamiteiten en geweld,1,,,,,,artikel,wmo,1. Het college treft een regeling voor het melden van calamiteiten en geweldsincidenten bij de verstrekking van een voorziening door een aanbieder en wijst een toezichthoudend ambtenaar aan.,190,53
CVDR741677_1__art1.1__lid2,,CVDR741677,1,GM0363,kern,Hoofdstuk 1 Toegang > Artikel 1.1 Aanvraag persoonsgebonden budget > lid 2,Hoofdstuk 1 Toegang,1.1,Aanvraag persoonsgebonden budget,2,,,,,,artikel,wmo,"Indien de aanvraag voor een persoonsgebonden budget een maatwerkvoorziening voor aanvullende individuele ondersteuning, dagbesteding, hulp bij het huishouden, begeleid thuis of logeeropvang betreft, worden bij het pgb-plan ingediend:
a. een zorgplan, waarin de betrokken hulpverlener aangeeft welke bijdrage hij levert aan de doelen van de cliënt en in geval van hulp bij het huishouden een activiteitenoverzicht;
b. indien de hulp geleverd wordt door een professionele zorgverlener een KvK uittreksel met een SBI-code;
c. indien cliënt onder curatele staat of wanneer zijn zaken onder bewind zijn gesteld een afschrift van de rechterlijke uitspraak;
d. een Verklaring Omtrent Gedrag (VOG) van de betrokken hulpverlener, tenzij de hulpverlener een familielid, tot in de vierde graad, is van de cliënt.",801,4
CVDR635113_4__art8.4.1__lid1,,CVDR635113,4,GM1896,kern,Hoofdstuk 8 Afspraken tussen inwoner en gemeente > Paragraaf 8.4 Beëindigen en terugvorderen voorziening > Artikel 8.4.1 Beëindiging voorziening > lid 1,Hoofdstuk 8 Afspraken tussen inwoner en gemeente,8.4.1,Beëindiging voorziening,1,,,,,,artikel,wmo,"1. De gemeente kan een besluit om een voorziening toe te kennen, herzien of intrekken als:
a. de inwoner of de werkgever onjuiste of onvolledige gegevens heeft verstrekt en het verstrekken van de juiste of volledige gegevens zou tot een ander besluit hebben geleid;
b. de voorziening niet langer effectief, passend of nodig is;
c. de inwoner of de werkgever niet langer voldoet aan voorwaarden en verplichtingen die aan de voorziening zijn verbonden;
d. de gemeente niet langer kan vaststellen of een voorziening kan worden voortgezet, omdat de inwoner of de werkgever onvoldoende meewerkt aan een onderzoek naar het recht op de voorziening;
e. de voorziening voor een ander doel wordt gebruikt dan bedoeld;
f. de voorziening niet naar behoren wordt gebruikt;
g. het om een pgb gaat en het pgb niet binnen zes maanden na uitbetaling is gebruikt om een voorziening te betalen waarvoor het pgb is toegekend.",905,263
CVDR642230_1__art3,,CVDR642230,1,GM0373,kern,Artikel 3. Waardering mantelzorgers,,3,Waardering mantelzorgers,,,,,,,artikel,wmo,"De jaarlijkse waardering voor mantelzorgers van inwoners bestaat uit een cadeaubon ter waarde van ten hoogste € 100,-. Deze kan éénmaal per kalenderjaar worden aangevraagd op een door de gemeente verstrekt aanmeldformulier, met een minimale tussentijd van een half jaar. Na beoordeling wordt de cadeaubon binnen drie maanden verstuurd voor dat betreffende jaar.",361,4
CVDR755704_1__art4.3__lid9,,CVDR755704,1,GM1771,kern,Hoofdstuk 4. Meedoen in de gemeenschap (Wmo) > Artikel 4.3. Kortdurend verblijf > lid 9,Hoofdstuk 4. Meedoen in de gemeenschap (Wmo),4.3,Kortdurend verblijf,9,,,,,,artikel,wmo,De cliënt is zelf verantwoordelijk voor vervoer van en naar de instelling voor kortdurend verblijf.,99,39
